Disaster Number,IH Program Declared,IA Program Declared,PA Program Declared,HM Program Declared,State ,Declaration Date,Disaster Type,Incident Type,Title,Incident Begin Date,Incident End Date,Disaster Close Out Date,Place Code,Declared County/Area,Declaration Request Number
4370,No,No,Yes,Yes,NH,2018-06-08 19:13:00,DR,Coastal Storm,SEVERE STORM AND FLOODING,2018-03-02 09:35:22,2018-03-08 00:00:00,,99015.0,"Rockingham (County)(in (P)MSA 4160,4760,6450)",18016
4369,No,No,Yes,Yes,AK,2018-06-08 19:05:00,DR,Coastal Storm,SEVERE STORM,2017-12-04 00:00:00,2017-12-04 23:59:00,,99122.0,Kenai Peninsula (Borough),18005
4367,No,No,Yes,Yes,ME,2018-05-30 09:17:00,DR,Coastal Storm,SEVERE STORM AND FLOODING,2018-03-02 09:35:22,2018-03-08 00:00:00,,99031.0,"York (County)(in MSA 6400,6450)",18012
4244,No,No,Yes,Yes,AK,2015-10-30 17:44:00,DR,Coastal Storm,SEVERE STORM,2015-08-27 00:01:00,2015-08-27 23:59:00,,99185.0,North Slope (Borough),15085
4041,No,No,Yes,Yes,LA,2011-10-28 10:49:00,DR,Coastal Storm,TROPICAL STORM LEE,2011-09-01 00:00:00,2011-09-05 00:00:00,,99037.0,East Feliciana (Parish),11252
4041,No,No,Yes,Yes,LA,2011-10-28 10:49:00,DR,Coastal Storm,TROPICAL STORM LEE,2011-09-01 00:00:00,2011-09-05 00:00:00,,99051.0,Jefferson (Parish),11252
4041,No,No,Yes,Yes,LA,2011-10-28 10:49:00,DR,Coastal Storm,TROPICAL STORM LEE,2011-09-01 00:00:00,2011-09-05 00:00:00,,99057.0,Lafourche (Parish),11252
4041,No,No,Yes,Yes,LA,2011-10-28 10:49:00,DR,Coastal Storm,TROPICAL STORM LEE,2011-09-01 00:00:00,2011-09-05 00:00:00,,99075.0,Plaquemines (Parish),11252
4041,No,No,Yes,Yes,LA,2011-10-28 10:49:00,DR,Coastal Storm,TROPICAL STORM LEE,2011-09-01 00:00:00,2011-09-05 00:00:00,,99087.0,St. Bernard (Parish),11252
4041,No,No,Yes,Yes,LA,2011-10-28 10:49:00,DR,Coastal Storm,TROPICAL STORM LEE,2011-09-01 00:00:00,2011-09-05 00:00:00,,99089.0,St. Charles (Parish),11252
4041,No,No,Yes,Yes,LA,2011-10-28 10:49:00,DR,Coastal Storm,TROPICAL STORM LEE,2011-09-01 00:00:00,2011-09-05 00:00:00,,99109.0,Terrebonne (Parish),11252
4041,No,No,Yes,Yes,LA,2011-10-28 10:49:00,DR,Coastal Storm,TROPICAL STORM LEE,2011-09-01 00:00:00,2011-09-05 00:00:00,,99125.0,West Feliciana (Parish),11252
3247,No,No,Yes,No,ND,2005-09-13 13:34:00,EM,Coastal Storm,HURRICANE KATRINA EVACUATION,2005-08-29 10:00:00,2005-10-01 08:55:00,2008-09-30 00:00:00,99001.0,Adams (County),5126
3247,No,No,Yes,No,ND,2005-09-13 13:34:00,EM,Coastal Storm,HURRICANE KATRINA EVACUATION,2005-08-29 10:00:00,2005-10-01 08:55:00,2008-09-30 00:00:00,99003.0,Barnes (County),5126
3247,No,No,Yes,No,ND,2005-09-13 13:34:00,EM,Coastal Storm,HURRICANE KATRINA EVACUATION,2005-08-29 10:00:00,2005-10-01 08:55:00,2008-09-30 00:00:00,99005.0,Benson (County),5126
3247,No,No,Yes,No,ND,2005-09-13 13:34:00,EM,Coastal Storm,HURRICANE KATRINA EVACUATION,2005-08-29 10:00:00,2005-10-01 08:55:00,2008-09-30 00:00:00,99007.0,Billings (County),5126
3247,No,No,Yes,No,ND,2005-09-13 13:34:00,EM,Coastal Storm,HURRICANE KATRINA EVACUATION,2005-08-29 10:00:00,2005-10-01 08:55:00,2008-09-30 00:00:00,99009.0,Bottineau (County),5126
3247,No,No,Yes,No,ND,2005-09-13 13:34:00,EM,Coastal Storm,HURRICANE KATRINA EVACUATION,2005-08-29 10:00:00,2005-10-01 08:55:00,2008-09-30 00:00:00,99011.0,Bowman (County),5126
3247,No,No,Yes,No,ND,2005-09-13 13:34:00,EM,Coastal Storm,HURRICANE KATRINA EVACUATION,2005-08-29 10:00:00,2005-10-01 08:55:00,2008-09-30 00:00:00,99013.0,Burke (County),5126
3247,No,No,Yes,No,ND,2005-09-13 13:34:00,EM,Coastal Storm,HURRICANE KATRINA EVACUATION,2005-08-29 10:00:00,2005-10-01 08:55:00,2008-09-30 00:00:00,99015.0,Burleigh (County),5126
3247,No,No,Yes,No,ND,2005-09-13 13:34:00,EM,Coastal Storm,HURRICANE KATRINA EVACUATION,2005-08-29 10:00:00,2005-10-01 08:55:00,2008-09-30 00:00:00,99017.0,Cass (County),5126
3247,No,No,Yes,No,ND,2005-09-13 13:34:00,EM,Coastal Storm,HURRICANE KATRINA EVACUATION,2005-08-29 10:00:00,2005-10-01 08:55:00,2008-09-30 00:00:00,99019.0,Cavalier (County),5126
3247,No,No,Yes,No,ND,2005-09-13 13:34:00,EM,Coastal Storm,HURRICANE KATRINA EVACUATION,2005-08-29 10:00:00,2005-10-01 08:55:00,2008-09-30 00:00:00,99021.0,Dickey (County),5126
3247,No,No,Yes,No,ND,2005-09-13 13:34:00,EM,Coastal Storm,HURRICANE KATRINA EVACUATION,2005-08-29 10:00:00,2005-10-01 08:55:00,2008-09-30 00:00:00,99023.0,Divide (County),5126
3247,No,No,Yes,No,ND,2005-09-13 13:34:00,EM,Coastal Storm,HURRICANE KATRINA EVACUATION,2005-08-29 10:00:00,2005-10-01 08:55:00,2008-09-30 00:00:00,99025.0,Dunn (County),5126
3247,No,No,Yes,No,ND,2005-09-13 13:34:00,EM,Coastal Storm,HURRICANE KATRINA EVACUATION,2005-08-29 10:00:00,2005-10-01 08:55:00,2008-09-30 00:00:00,99027.0,Eddy (County),5126
3247,No,No,Yes,No,ND,2005-09-13 13:34:00,EM,Coastal Storm,HURRICANE KATRINA EVACUATION,2005-08-29 10:00:00,2005-10-01 08:55:00,2008-09-30 00:00:00,99029.0,Emmons (County),5126
3247,No,No,Yes,No,ND,2005-09-13 13:34:00,EM,Coastal Storm,HURRICANE KATRINA EVACUATION,2005-08-29 10:00:00,2005-10-01 08:55:00,2008-09-30 00:00:00,99031.0,Foster (County),5126
3247,No,No,Yes,No,ND,2005-09-13 13:34:00,EM,Coastal Storm,HURRICANE KATRINA EVACUATION,2005-08-29 10:00:00,2005-10-01 08:55:00,2008-09-30 00:00:00,99033.0,Golden Valley (County),5126
3247,No,No,Yes,No,ND,2005-09-13 13:34:00,EM,Coastal Storm,HURRICANE KATRINA EVACUATION,2005-08-29 10:00:00,2005-10-01 08:55:00,2008-09-30 00:00:00,99035.0,Grand Forks (County),5126
3247,No,No,Yes,No,ND,2005-09-13 13:34:00,EM,Coastal Storm,HURRICANE KATRINA EVACUATION,2005-08-29 10:00:00,2005-10-01 08:55:00,2008-09-30 00:00:00,99037.0,Grant (County),5126
3247,No,No,Yes,No,ND,2005-09-13 13:34:00,EM,Coastal Storm,HURRICANE KATRINA EVACUATION,2005-08-29 10:00:00,2005-10-01 08:55:00,2008-09-30 00:00:00,99039.0,Griggs (County),5126
3247,No,No,Yes,No,ND,2005-09-13 13:34:00,EM,Coastal Storm,HURRICANE KATRINA EVACUATION,2005-08-29 10:00:00,2005-10-01 08:55:00,2008-09-30 00:00:00,99041.0,Hettinger (County),5126
3247,No,No,Yes,No,ND,2005-09-13 13:34:00,EM,Coastal Storm,HURRICANE KATRINA EVACUATION,2005-08-29 10:00:00,2005-10-01 08:55:00,2008-09-30 00:00:00,99043.0,Kidder (County),5126
3247,No,No,Yes,No,ND,2005-09-13 13:34:00,EM,Coastal Storm,HURRICANE KATRINA EVACUATION,2005-08-29 10:00:00,2005-10-01 08:55:00,2008-09-30 00:00:00,99045.0,LaMoure (County),5126
3247,No,No,Yes,No,ND,2005-09-13 13:34:00,EM,Coastal Storm,HURRICANE KATRINA EVACUATION,2005-08-29 10:00:00,2005-10-01 08:55:00,2008-09-30 00:00:00,99047.0,Logan (County),5126
3247,No,No,Yes,No,ND,2005-09-13 13:34:00,EM,Coastal Storm,HURRICANE KATRINA EVACUATION,2005-08-29 10:00:00,2005-10-01 08:55:00,2008-09-30 00:00:00,99049.0,McHenry (County),5126
3247,No,No,Yes,No,ND,2005-09-13 13:34:00,EM,Coastal Storm,HURRICANE KATRINA EVACUATION,2005-08-29 10:00:00,2005-10-01 08:55:00,2008-09-30 00:00:00,99051.0,McIntosh (County),5126
3247,No,No,Yes,No,ND,2005-09-13 13:34:00,EM,Coastal Storm,HURRICANE KATRINA EVACUATION,2005-08-29 10:00:00,2005-10-01 08:55:00,2008-09-30 00:00:00,99053.0,McKenzie (County),5126
3247,No,No,Yes,No,ND,2005-09-13 13:34:00,EM,Coastal Storm,HURRICANE KATRINA EVACUATION,2005-08-29 10:00:00,2005-10-01 08:55:00,2008-09-30 00:00:00,99055.0,McLean (County),5126
3247,No,No,Yes,No,ND,2005-09-13 13:34:00,EM,Coastal Storm,HURRICANE KATRINA EVACUATION,2005-08-29 10:00:00,2005-10-01 08:55:00,2008-09-30 00:00:00,99057.0,Mercer (County),5126
3247,No,No,Yes,No,ND,2005-09-13 13:34:00,EM,Coastal Storm,HURRICANE KATRINA EVACUATION,2005-08-29 10:00:00,2005-10-01 08:55:00,2008-09-30 00:00:00,99059.0,Morton (County),5126
3247,No,No,Yes,No,ND,2005-09-13 13:34:00,EM,Coastal Storm,HURRICANE KATRINA EVACUATION,2005-08-29 10:00:00,2005-10-01 08:55:00,2008-09-30 00:00:00,99061.0,Mountrail (County),5126
3247,No,No,Yes,No,ND,2005-09-13 13:34:00,EM,Coastal Storm,HURRICANE KATRINA EVACUATION,2005-08-29 10:00:00,2005-10-01 08:55:00,2008-09-30 00:00:00,99063.0,Nelson (County),5126
3247,No,No,Yes,No,ND,2005-09-13 13:34:00,EM,Coastal Storm,HURRICANE KATRINA EVACUATION,2005-08-29 10:00:00,2005-10-01 08:55:00,2008-09-30 00:00:00,99065.0,Oliver (County),5126
3247,No,No,Yes,No,ND,2005-09-13 13:34:00,EM,Coastal Storm,HURRICANE KATRINA EVACUATION,2005-08-29 10:00:00,2005-10-01 08:55:00,2008-09-30 00:00:00,99067.0,Pembina (County),5126
3247,No,No,Yes,No,ND,2005-09-13 13:34:00,EM,Coastal Storm,HURRICANE KATRINA EVACUATION,2005-08-29 10:00:00,2005-10-01 08:55:00,2008-09-30 00:00:00,99069.0,Pierce (County),5126
3247,No,No,Yes,No,ND,2005-09-13 13:34:00,EM,Coastal Storm,HURRICANE KATRINA EVACUATION,2005-08-29 10:00:00,2005-10-01 08:55:00,2008-09-30 00:00:00,99071.0,Ramsey (County),5126
3247,No,No,Yes,No,ND,2005-09-13 13:34:00,EM,Coastal Storm,HURRICANE KATRINA EVACUATION,2005-08-29 10:00:00,2005-10-01 08:55:00,2008-09-30 00:00:00,99073.0,Ransom (County),5126
3247,No,No,Yes,No,ND,2005-09-13 13:34:00,EM,Coastal Storm,HURRICANE KATRINA EVACUATION,2005-08-29 10:00:00,2005-10-01 08:55:00,2008-09-30 00:00:00,99075.0,Renville (County),5126
3247,No,No,Yes,No,ND,2005-09-13 13:34:00,EM,Coastal Storm,HURRICANE KATRINA EVACUATION,2005-08-29 10:00:00,2005-10-01 08:55:00,2008-09-30 00:00:00,99077.0,Richland (County),5126
3247,No,No,Yes,No,ND,2005-09-13 13:34:00,EM,Coastal Storm,HURRICANE KATRINA EVACUATION,2005-08-29 10:00:00,2005-10-01 08:55:00,2008-09-30 00:00:00,99079.0,Rolette (County),5126
3247,No,No,Yes,No,ND,2005-09-13 13:34:00,EM,Coastal Storm,HURRICANE KATRINA EVACUATION,2005-08-29 10:00:00,2005-10-01 08:55:00,2008-09-30 00:00:00,99081.0,Sargent (County),5126
3247,No,No,Yes,No,ND,2005-09-13 13:34:00,EM,Coastal Storm,HURRICANE KATRINA EVACUATION,2005-08-29 10:00:00,2005-10-01 08:55:00,2008-09-30 00:00:00,99083.0,Sheridan (County),5126
3247,No,No,Yes,No,ND,2005-09-13 13:34:00,EM,Coastal Storm,HURRICANE KATRINA EVACUATION,2005-08-29 10:00:00,2005-10-01 08:55:00,2008-09-30 00:00:00,99085.0,Sioux (County),5126
3247,No,No,Yes,No,ND,2005-09-13 13:34:00,EM,Coastal Storm,HURRICANE KATRINA EVACUATION,2005-08-29 10:00:00,2005-10-01 08:55:00,2008-09-30 00:00:00,99087.0,Slope (County),5126
3247,No,No,Yes,No,ND,2005-09-13 13:34:00,EM,Coastal Storm,HURRICANE KATRINA EVACUATION,2005-08-29 10:00:00,2005-10-01 08:55:00,2008-09-30 00:00:00,99089.0,Stark (County),5126
3247,No,No,Yes,No,ND,2005-09-13 13:34:00,EM,Coastal Storm,HURRICANE KATRINA EVACUATION,2005-08-29 10:00:00,2005-10-01 08:55:00,2008-09-30 00:00:00,99091.0,Steele (County),5126
3247,No,No,Yes,No,ND,2005-09-13 13:34:00,EM,Coastal Storm,HURRICANE KATRINA EVACUATION,2005-08-29 10:00:00,2005-10-01 08:55:00,2008-09-30 00:00:00,99093.0,Stutsman (County),5126
3247,No,No,Yes,No,ND,2005-09-13 13:34:00,EM,Coastal Storm,HURRICANE KATRINA EVACUATION,2005-08-29 10:00:00,2005-10-01 08:55:00,2008-09-30 00:00:00,99095.0,Towner (County),5126
3247,No,No,Yes,No,ND,2005-09-13 13:34:00,EM,Coastal Storm,HURRICANE KATRINA EVACUATION,2005-08-29 10:00:00,2005-10-01 08:55:00,2008-09-30 00:00:00,99097.0,Traill (County),5126
3247,No,No,Yes,No,ND,2005-09-13 13:34:00,EM,Coastal Storm,HURRICANE KATRINA EVACUATION,2005-08-29 10:00:00,2005-10-01 08:55:00,2008-09-30 00:00:00,99099.0,Walsh (County),5126
3247,No,No,Yes,No,ND,2005-09-13 13:34:00,EM,Coastal Storm,HURRICANE KATRINA EVACUATION,2005-08-29 10:00:00,2005-10-01 08:55:00,2008-09-30 00:00:00,99101.0,Ward (County),5126
3247,No,No,Yes,No,ND,2005-09-13 13:34:00,EM,Coastal Storm,HURRICANE KATRINA EVACUATION,2005-08-29 10:00:00,2005-10-01 08:55:00,2008-09-30 00:00:00,99103.0,Wells (County),5126
3247,No,No,Yes,No,ND,2005-09-13 13:34:00,EM,Coastal Storm,HURRICANE KATRINA EVACUATION,2005-08-29 10:00:00,2005-10-01 08:55:00,2008-09-30 00:00:00,99105.0,Williams (County),5126
3234,No,No,Yes,No,SD,2005-09-10 20:20:00,EM,Coastal Storm,HURRICANE KATRINA EVACUATION,2005-09-06 15:30:00,2005-10-01 08:55:00,2007-12-10 00:00:00,99003.0,Aurora (County),5105
3234,No,No,Yes,No,SD,2005-09-10 20:20:00,EM,Coastal Storm,HURRICANE KATRINA EVACUATION,2005-09-06 15:30:00,2005-10-01 08:55:00,2007-12-10 00:00:00,99005.0,Beadle (County),5105
3234,No,No,Yes,No,SD,2005-09-10 20:20:00,EM,Coastal Storm,HURRICANE KATRINA EVACUATION,2005-09-06 15:30:00,2005-10-01 08:55:00,2007-12-10 00:00:00,99007.0,Bennett (County),5105
3234,No,No,Yes,No,SD,2005-09-10 20:20:00,EM,Coastal Storm,HURRICANE KATRINA EVACUATION,2005-09-06 15:30:00,2005-10-01 08:55:00,2007-12-10 00:00:00,99009.0,Bon Homme (County),5105
3234,No,No,Yes,No,SD,2005-09-10 20:20:00,EM,Coastal Storm,HURRICANE KATRINA EVACUATION,2005-09-06 15:30:00,2005-10-01 08:55:00,2007-12-10 00:00:00,99011.0,Brookings (County),5105
3234,No,No,Yes,No,SD,2005-09-10 20:20:00,EM,Coastal Storm,HURRICANE KATRINA EVACUATION,2005-09-06 15:30:00,2005-10-01 08:55:00,2007-12-10 00:00:00,99013.0,Brown (County),5105
3234,No,No,Yes,No,SD,2005-09-10 20:20:00,EM,Coastal Storm,HURRICANE KATRINA EVACUATION,2005-09-06 15:30:00,2005-10-01 08:55:00,2007-12-10 00:00:00,99015.0,Brule (County),5105
3234,No,No,Yes,No,SD,2005-09-10 20:20:00,EM,Coastal Storm,HURRICANE KATRINA EVACUATION,2005-09-06 15:30:00,2005-10-01 08:55:00,2007-12-10 00:00:00,99017.0,Buffalo (County),5105
3234,No,No,Yes,No,SD,2005-09-10 20:20:00,EM,Coastal Storm,HURRICANE KATRINA EVACUATION,2005-09-06 15:30:00,2005-10-01 08:55:00,2007-12-10 00:00:00,99019.0,Butte (County),5105
3234,No,No,Yes,No,SD,2005-09-10 20:20:00,EM,Coastal Storm,HURRICANE KATRINA EVACUATION,2005-09-06 15:30:00,2005-10-01 08:55:00,2007-12-10 00:00:00,99021.0,Campbell (County),5105
3234,No,No,Yes,No,SD,2005-09-10 20:20:00,EM,Coastal Storm,HURRICANE KATRINA EVACUATION,2005-09-06 15:30:00,2005-10-01 08:55:00,2007-12-10 00:00:00,99023.0,Charles Mix (County),5105
3234,No,No,Yes,No,SD,2005-09-10 20:20:00,EM,Coastal Storm,HURRICANE KATRINA EVACUATION,2005-09-06 15:30:00,2005-10-01 08:55:00,2007-12-10 00:00:00,99025.0,Clark (County),5105
3234,No,No,Yes,No,SD,2005-09-10 20:20:00,EM,Coastal Storm,HURRICANE KATRINA EVACUATION,2005-09-06 15:30:00,2005-10-01 08:55:00,2007-12-10 00:00:00,99027.0,Clay (County),5105
3234,No,No,Yes,No,SD,2005-09-10 20:20:00,EM,Coastal Storm,HURRICANE KATRINA EVACUATION,2005-09-06 15:30:00,2005-10-01 08:55:00,2007-12-10 00:00:00,99029.0,Codington (County),5105
3234,No,No,Yes,No,SD,2005-09-10 20:20:00,EM,Coastal Storm,HURRICANE KATRINA EVACUATION,2005-09-06 15:30:00,2005-10-01 08:55:00,2007-12-10 00:00:00,99031.0,Corson (County),5105
3234,No,No,Yes,No,SD,2005-09-10 20:20:00,EM,Coastal Storm,HURRICANE KATRINA EVACUATION,2005-09-06 15:30:00,2005-10-01 08:55:00,2007-12-10 00:00:00,99033.0,Custer (County),5105
3234,No,No,Yes,No,SD,2005-09-10 20:20:00,EM,Coastal Storm,HURRICANE KATRINA EVACUATION,2005-09-06 15:30:00,2005-10-01 08:55:00,2007-12-10 00:00:00,99035.0,Davison (County),5105
3234,No,No,Yes,No,SD,2005-09-10 20:20:00,EM,Coastal Storm,HURRICANE KATRINA EVACUATION,2005-09-06 15:30:00,2005-10-01 08:55:00,2007-12-10 00:00:00,99037.0,Day (County),5105
3234,No,No,Yes,No,SD,2005-09-10 20:20:00,EM,Coastal Storm,HURRICANE KATRINA EVACUATION,2005-09-06 15:30:00,2005-10-01 08:55:00,2007-12-10 00:00:00,99039.0,Deuel (County),5105
3234,No,No,Yes,No,SD,2005-09-10 20:20:00,EM,Coastal Storm,HURRICANE KATRINA EVACUATION,2005-09-06 15:30:00,2005-10-01 08:55:00,2007-12-10 00:00:00,99041.0,Dewey (County),5105
3234,No,No,Yes,No,SD,2005-09-10 20:20:00,EM,Coastal Storm,HURRICANE KATRINA EVACUATION,2005-09-06 15:30:00,2005-10-01 08:55:00,2007-12-10 00:00:00,99043.0,Douglas (County),5105
3234,No,No,Yes,No,SD,2005-09-10 20:20:00,EM,Coastal Storm,HURRICANE KATRINA EVACUATION,2005-09-06 15:30:00,2005-10-01 08:55:00,2007-12-10 00:00:00,99045.0,Edmunds (County),5105
3234,No,No,Yes,No,SD,2005-09-10 20:20:00,EM,Coastal Storm,HURRICANE KATRINA EVACUATION,2005-09-06 15:30:00,2005-10-01 08:55:00,2007-12-10 00:00:00,99047.0,Fall River (County),5105
3234,No,No,Yes,No,SD,2005-09-10 20:20:00,EM,Coastal Storm,HURRICANE KATRINA EVACUATION,2005-09-06 15:30:00,2005-10-01 08:55:00,2007-12-10 00:00:00,99049.0,Faulk (County),5105
3234,No,No,Yes,No,SD,2005-09-10 20:20:00,EM,Coastal Storm,HURRICANE KATRINA EVACUATION,2005-09-06 15:30:00,2005-10-01 08:55:00,2007-12-10 00:00:00,99051.0,Grant (County),5105
3234,No,No,Yes,No,SD,2005-09-10 20:20:00,EM,Coastal Storm,HURRICANE KATRINA EVACUATION,2005-09-06 15:30:00,2005-10-01 08:55:00,2007-12-10 00:00:00,99053.0,Gregory (County),5105
3234,No,No,Yes,No,SD,2005-09-10 20:20:00,EM,Coastal Storm,HURRICANE KATRINA EVACUATION,2005-09-06 15:30:00,2005-10-01 08:55:00,2007-12-10 00:00:00,99055.0,Haakon (County),5105
3234,No,No,Yes,No,SD,2005-09-10 20:20:00,EM,Coastal Storm,HURRICANE KATRINA EVACUATION,2005-09-06 15:30:00,2005-10-01 08:55:00,2007-12-10 00:00:00,99057.0,Hamlin (County),5105
3234,No,No,Yes,No,SD,2005-09-10 20:20:00,EM,Coastal Storm,HURRICANE KATRINA EVACUATION,2005-09-06 15:30:00,2005-10-01 08:55:00,2007-12-10 00:00:00,99059.0,Hand (County),5105
3234,No,No,Yes,No,SD,2005-09-10 20:20:00,EM,Coastal Storm,HURRICANE KATRINA EVACUATION,2005-09-06 15:30:00,2005-10-01 08:55:00,2007-12-10 00:00:00,99061.0,Hanson (County),5105
3234,No,No,Yes,No,SD,2005-09-10 20:20:00,EM,Coastal Storm,HURRICANE KATRINA EVACUATION,2005-09-06 15:30:00,2005-10-01 08:55:00,2007-12-10 00:00:00,99063.0,Harding (County),5105
3234,No,No,Yes,No,SD,2005-09-10 20:20:00,EM,Coastal Storm,HURRICANE KATRINA EVACUATION,2005-09-06 15:30:00,2005-10-01 08:55:00,2007-12-10 00:00:00,99065.0,Hughes (County),5105
3234,No,No,Yes,No,SD,2005-09-10 20:20:00,EM,Coastal Storm,HURRICANE KATRINA EVACUATION,2005-09-06 15:30:00,2005-10-01 08:55:00,2007-12-10 00:00:00,99067.0,Hutchinson (County),5105
3234,No,No,Yes,No,SD,2005-09-10 20:20:00,EM,Coastal Storm,HURRICANE KATRINA EVACUATION,2005-09-06 15:30:00,2005-10-01 08:55:00,2007-12-10 00:00:00,99069.0,Hyde (County),5105
3234,No,No,Yes,No,SD,2005-09-10 20:20:00,EM,Coastal Storm,HURRICANE KATRINA EVACUATION,2005-09-06 15:30:00,2005-10-01 08:55:00,2007-12-10 00:00:00,99071.0,Jackson (County),5105
3234,No,No,Yes,No,SD,2005-09-10 20:20:00,EM,Coastal Storm,HURRICANE KATRINA EVACUATION,2005-09-06 15:30:00,2005-10-01 08:55:00,2007-12-10 00:00:00,99073.0,Jerauld (County),5105
3234,No,No,Yes,No,SD,2005-09-10 20:20:00,EM,Coastal Storm,HURRICANE KATRINA EVACUATION,2005-09-06 15:30:00,2005-10-01 08:55:00,2007-12-10 00:00:00,99075.0,Jones (County),5105
3234,No,No,Yes,No,SD,2005-09-10 20:20:00,EM,Coastal Storm,HURRICANE KATRINA EVACUATION,2005-09-06 15:30:00,2005-10-01 08:55:00,2007-12-10 00:00:00,99077.0,Kingsbury (County),5105
3234,No,No,Yes,No,SD,2005-09-10 20:20:00,EM,Coastal Storm,HURRICANE KATRINA EVACUATION,2005-09-06 15:30:00,2005-10-01 08:55:00,2007-12-10 00:00:00,99079.0,Lake (County),5105
3234,No,No,Yes,No,SD,2005-09-10 20:20:00,EM,Coastal Storm,HURRICANE KATRINA EVACUATION,2005-09-06 15:30:00,2005-10-01 08:55:00,2007-12-10 00:00:00,99081.0,Lawrence (County),5105
3234,No,No,Yes,No,SD,2005-09-10 20:20:00,EM,Coastal Storm,HURRICANE KATRINA EVACUATION,2005-09-06 15:30:00,2005-10-01 08:55:00,2007-12-10 00:00:00,99083.0,Lincoln (County),5105
3234,No,No,Yes,No,SD,2005-09-10 20:20:00,EM,Coastal Storm,HURRICANE KATRINA EVACUATION,2005-09-06 15:30:00,2005-10-01 08:55:00,2007-12-10 00:00:00,99085.0,Lyman (County),5105
3234,No,No,Yes,No,SD,2005-09-10 20:20:00,EM,Coastal Storm,HURRICANE KATRINA EVACUATION,2005-09-06 15:30:00,2005-10-01 08:55:00,2007-12-10 00:00:00,99087.0,McCook (County),5105
3234,No,No,Yes,No,SD,2005-09-10 20:20:00,EM,Coastal Storm,HURRICANE KATRINA EVACUATION,2005-09-06 15:30:00,2005-10-01 08:55:00,2007-12-10 00:00:00,99089.0,McPherson (County),5105
3234,No,No,Yes,No,SD,2005-09-10 20:20:00,EM,Coastal Storm,HURRICANE KATRINA EVACUATION,2005-09-06 15:30:00,2005-10-01 08:55:00,2007-12-10 00:00:00,99091.0,Marshall (County),5105
3234,No,No,Yes,No,SD,2005-09-10 20:20:00,EM,Coastal Storm,HURRICANE KATRINA EVACUATION,2005-09-06 15:30:00,2005-10-01 08:55:00,2007-12-10 00:00:00,99093.0,Meade (County),5105
3234,No,No,Yes,No,SD,2005-09-10 20:20:00,EM,Coastal Storm,HURRICANE KATRINA EVACUATION,2005-09-06 15:30:00,2005-10-01 08:55:00,2007-12-10 00:00:00,99095.0,Mellette (County),5105
3234,No,No,Yes,No,SD,2005-09-10 20:20:00,EM,Coastal Storm,HURRICANE KATRINA EVACUATION,2005-09-06 15:30:00,2005-10-01 08:55:00,2007-12-10 00:00:00,99097.0,Miner (County),5105
3234,No,No,Yes,No,SD,2005-09-10 20:20:00,EM,Coastal Storm,HURRICANE KATRINA EVACUATION,2005-09-06 15:30:00,2005-10-01 08:55:00,2007-12-10 00:00:00,99099.0,Minnehaha (County),5105
3234,No,No,Yes,No,SD,2005-09-10 20:20:00,EM,Coastal Storm,HURRICANE KATRINA EVACUATION,2005-09-06 15:30:00,2005-10-01 08:55:00,2007-12-10 00:00:00,99101.0,Moody (County),5105
3234,No,No,Yes,No,SD,2005-09-10 20:20:00,EM,Coastal Storm,HURRICANE KATRINA EVACUATION,2005-09-06 15:30:00,2005-10-01 08:55:00,2007-12-10 00:00:00,99103.0,Pennington (County),5105
3234,No,No,Yes,No,SD,2005-09-10 20:20:00,EM,Coastal Storm,HURRICANE KATRINA EVACUATION,2005-09-06 15:30:00,2005-10-01 08:55:00,2007-12-10 00:00:00,99105.0,Perkins (County),5105
3234,No,No,Yes,No,SD,2005-09-10 20:20:00,EM,Coastal Storm,HURRICANE KATRINA EVACUATION,2005-09-06 15:30:00,2005-10-01 08:55:00,2007-12-10 00:00:00,99107.0,Potter (County),5105
3234,No,No,Yes,No,SD,2005-09-10 20:20:00,EM,Coastal Storm,HURRICANE KATRINA EVACUATION,2005-09-06 15:30:00,2005-10-01 08:55:00,2007-12-10 00:00:00,99109.0,Roberts (County),5105
3234,No,No,Yes,No,SD,2005-09-10 20:20:00,EM,Coastal Storm,HURRICANE KATRINA EVACUATION,2005-09-06 15:30:00,2005-10-01 08:55:00,2007-12-10 00:00:00,99111.0,Sanborn (County),5105
3234,No,No,Yes,No,SD,2005-09-10 20:20:00,EM,Coastal Storm,HURRICANE KATRINA EVACUATION,2005-09-06 15:30:00,2005-10-01 08:55:00,2007-12-10 00:00:00,99113.0,Oglala Lakota (County),5105
3234,No,No,Yes,No,SD,2005-09-10 20:20:00,EM,Coastal Storm,HURRICANE KATRINA EVACUATION,2005-09-06 15:30:00,2005-10-01 08:55:00,2007-12-10 00:00:00,99115.0,Spink (County),5105
3234,No,No,Yes,No,SD,2005-09-10 20:20:00,EM,Coastal Storm,HURRICANE KATRINA EVACUATION,2005-09-06 15:30:00,2005-10-01 08:55:00,2007-12-10 00:00:00,99117.0,Stanley (County),5105
3234,No,No,Yes,No,SD,2005-09-10 20:20:00,EM,Coastal Storm,HURRICANE KATRINA EVACUATION,2005-09-06 15:30:00,2005-10-01 08:55:00,2007-12-10 00:00:00,99119.0,Sully (County),5105
3234,No,No,Yes,No,SD,2005-09-10 20:20:00,EM,Coastal Storm,HURRICANE KATRINA EVACUATION,2005-09-06 15:30:00,2005-10-01 08:55:00,2007-12-10 00:00:00,99121.0,Todd (County),5105
3234,No,No,Yes,No,SD,2005-09-10 20:20:00,EM,Coastal Storm,HURRICANE KATRINA EVACUATION,2005-09-06 15:30:00,2005-10-01 08:55:00,2007-12-10 00:00:00,99123.0,Tripp (County),5105
3234,No,No,Yes,No,SD,2005-09-10 20:20:00,EM,Coastal Storm,HURRICANE KATRINA EVACUATION,2005-09-06 15:30:00,2005-10-01 08:55:00,2007-12-10 00:00:00,99125.0,Turner (County),5105
3234,No,No,Yes,No,SD,2005-09-10 20:20:00,EM,Coastal Storm,HURRICANE KATRINA EVACUATION,2005-09-06 15:30:00,2005-10-01 08:55:00,2007-12-10 00:00:00,99127.0,Union (County),5105
3234,No,No,Yes,No,SD,2005-09-10 20:20:00,EM,Coastal Storm,HURRICANE KATRINA EVACUATION,2005-09-06 15:30:00,2005-10-01 08:55:00,2007-12-10 00:00:00,99129.0,Walworth (County),5105
3234,No,No,Yes,No,SD,2005-09-10 20:20:00,EM,Coastal Storm,HURRICANE KATRINA EVACUATION,2005-09-06 15:30:00,2005-10-01 08:55:00,2007-12-10 00:00:00,99135.0,Yankton (County),5105
3234,No,No,Yes,No,SD,2005-09-10 20:20:00,EM,Coastal Storm,HURRICANE KATRINA EVACUATION,2005-09-06 15:30:00,2005-10-01 08:55:00,2007-12-10 00:00:00,99137.0,Ziebach (County),5105
3228,No,No,Yes,No,OR,2005-09-07 20:11:00,EM,Coastal Storm,HURRICANE KATRINA EVACUATION,2005-08-29 12:00:00,2005-10-01 08:55:00,2008-04-09 09:00:00,99001.0,Baker (County),5104
3228,No,No,Yes,No,OR,2005-09-07 20:11:00,EM,Coastal Storm,HURRICANE KATRINA EVACUATION,2005-08-29 12:00:00,2005-10-01 08:55:00,2008-04-09 09:00:00,99003.0,Benton (County),5104
3228,No,No,Yes,No,OR,2005-09-07 20:11:00,EM,Coastal Storm,HURRICANE KATRINA EVACUATION,2005-08-29 12:00:00,2005-10-01 08:55:00,2008-04-09 09:00:00,99005.0,Clackamas (County),5104
3228,No,No,Yes,No,OR,2005-09-07 20:11:00,EM,Coastal Storm,HURRICANE KATRINA EVACUATION,2005-08-29 12:00:00,2005-10-01 08:55:00,2008-04-09 09:00:00,99007.0,Clatsop (County),5104
3228,No,No,Yes,No,OR,2005-09-07 20:11:00,EM,Coastal Storm,HURRICANE KATRINA EVACUATION,2005-08-29 12:00:00,2005-10-01 08:55:00,2008-04-09 09:00:00,99009.0,Columbia (County),5104
3228,No,No,Yes,No,OR,2005-09-07 20:11:00,EM,Coastal Storm,HURRICANE KATRINA EVACUATION,2005-08-29 12:00:00,2005-10-01 08:55:00,2008-04-09 09:00:00,99011.0,Coos (County),5104
3228,No,No,Yes,No,OR,2005-09-07 20:11:00,EM,Coastal Storm,HURRICANE KATRINA EVACUATION,2005-08-29 12:00:00,2005-10-01 08:55:00,2008-04-09 09:00:00,99013.0,Crook (County),5104
3228,No,No,Yes,No,OR,2005-09-07 20:11:00,EM,Coastal Storm,HURRICANE KATRINA EVACUATION,2005-08-29 12:00:00,2005-10-01 08:55:00,2008-04-09 09:00:00,99015.0,Curry (County),5104
3228,No,No,Yes,No,OR,2005-09-07 20:11:00,EM,Coastal Storm,HURRICANE KATRINA EVACUATION,2005-08-29 12:00:00,2005-10-01 08:55:00,2008-04-09 09:00:00,99017.0,Deschutes (County),5104
3228,No,No,Yes,No,OR,2005-09-07 20:11:00,EM,Coastal Storm,HURRICANE KATRINA EVACUATION,2005-08-29 12:00:00,2005-10-01 08:55:00,2008-04-09 09:00:00,99019.0,Douglas (County),5104
3228,No,No,Yes,No,OR,2005-09-07 20:11:00,EM,Coastal Storm,HURRICANE KATRINA EVACUATION,2005-08-29 12:00:00,2005-10-01 08:55:00,2008-04-09 09:00:00,99021.0,Gilliam (County),5104
3228,No,No,Yes,No,OR,2005-09-07 20:11:00,EM,Coastal Storm,HURRICANE KATRINA EVACUATION,2005-08-29 12:00:00,2005-10-01 08:55:00,2008-04-09 09:00:00,99023.0,Grant (County),5104
3228,No,No,Yes,No,OR,2005-09-07 20:11:00,EM,Coastal Storm,HURRICANE KATRINA EVACUATION,2005-08-29 12:00:00,2005-10-01 08:55:00,2008-04-09 09:00:00,99025.0,Harney (County),5104
3228,No,No,Yes,No,OR,2005-09-07 20:11:00,EM,Coastal Storm,HURRICANE KATRINA EVACUATION,2005-08-29 12:00:00,2005-10-01 08:55:00,2008-04-09 09:00:00,99027.0,Hood River (County),5104
3228,No,No,Yes,No,OR,2005-09-07 20:11:00,EM,Coastal Storm,HURRICANE KATRINA EVACUATION,2005-08-29 12:00:00,2005-10-01 08:55:00,2008-04-09 09:00:00,99029.0,Jackson (County),5104
3228,No,No,Yes,No,OR,2005-09-07 20:11:00,EM,Coastal Storm,HURRICANE KATRINA EVACUATION,2005-08-29 12:00:00,2005-10-01 08:55:00,2008-04-09 09:00:00,99031.0,Jefferson (County),5104
3228,No,No,Yes,No,OR,2005-09-07 20:11:00,EM,Coastal Storm,HURRICANE KATRINA EVACUATION,2005-08-29 12:00:00,2005-10-01 08:55:00,2008-04-09 09:00:00,99033.0,Josephine (County),5104
3228,No,No,Yes,No,OR,2005-09-07 20:11:00,EM,Coastal Storm,HURRICANE KATRINA EVACUATION,2005-08-29 12:00:00,2005-10-01 08:55:00,2008-04-09 09:00:00,99035.0,Klamath (County),5104
3228,No,No,Yes,No,OR,2005-09-07 20:11:00,EM,Coastal Storm,HURRICANE KATRINA EVACUATION,2005-08-29 12:00:00,2005-10-01 08:55:00,2008-04-09 09:00:00,99037.0,Lake (County),5104
3228,No,No,Yes,No,OR,2005-09-07 20:11:00,EM,Coastal Storm,HURRICANE KATRINA EVACUATION,2005-08-29 12:00:00,2005-10-01 08:55:00,2008-04-09 09:00:00,99039.0,Lane (County),5104
3228,No,No,Yes,No,OR,2005-09-07 20:11:00,EM,Coastal Storm,HURRICANE KATRINA EVACUATION,2005-08-29 12:00:00,2005-10-01 08:55:00,2008-04-09 09:00:00,99041.0,Lincoln (County),5104
3228,No,No,Yes,No,OR,2005-09-07 20:11:00,EM,Coastal Storm,HURRICANE KATRINA EVACUATION,2005-08-29 12:00:00,2005-10-01 08:55:00,2008-04-09 09:00:00,99043.0,Linn (County),5104
3228,No,No,Yes,No,OR,2005-09-07 20:11:00,EM,Coastal Storm,HURRICANE KATRINA EVACUATION,2005-08-29 12:00:00,2005-10-01 08:55:00,2008-04-09 09:00:00,99045.0,Malheur (County),5104
3228,No,No,Yes,No,OR,2005-09-07 20:11:00,EM,Coastal Storm,HURRICANE KATRINA EVACUATION,2005-08-29 12:00:00,2005-10-01 08:55:00,2008-04-09 09:00:00,99047.0,Marion (County),5104
3228,No,No,Yes,No,OR,2005-09-07 20:11:00,EM,Coastal Storm,HURRICANE KATRINA EVACUATION,2005-08-29 12:00:00,2005-10-01 08:55:00,2008-04-09 09:00:00,99049.0,Morrow (County),5104
3228,No,No,Yes,No,OR,2005-09-07 20:11:00,EM,Coastal Storm,HURRICANE KATRINA EVACUATION,2005-08-29 12:00:00,2005-10-01 08:55:00,2008-04-09 09:00:00,99051.0,Multnomah (County),5104
3228,No,No,Yes,No,OR,2005-09-07 20:11:00,EM,Coastal Storm,HURRICANE KATRINA EVACUATION,2005-08-29 12:00:00,2005-10-01 08:55:00,2008-04-09 09:00:00,99053.0,Polk (County),5104
3228,No,No,Yes,No,OR,2005-09-07 20:11:00,EM,Coastal Storm,HURRICANE KATRINA EVACUATION,2005-08-29 12:00:00,2005-10-01 08:55:00,2008-04-09 09:00:00,99055.0,Sherman (County),5104
3228,No,No,Yes,No,OR,2005-09-07 20:11:00,EM,Coastal Storm,HURRICANE KATRINA EVACUATION,2005-08-29 12:00:00,2005-10-01 08:55:00,2008-04-09 09:00:00,99057.0,Tillamook (County),5104
3228,No,No,Yes,No,OR,2005-09-07 20:11:00,EM,Coastal Storm,HURRICANE KATRINA EVACUATION,2005-08-29 12:00:00,2005-10-01 08:55:00,2008-04-09 09:00:00,99059.0,Umatilla (County),5104
3228,No,No,Yes,No,OR,2005-09-07 20:11:00,EM,Coastal Storm,HURRICANE KATRINA EVACUATION,2005-08-29 12:00:00,2005-10-01 08:55:00,2008-04-09 09:00:00,99061.0,Union (County),5104
3228,No,No,Yes,No,OR,2005-09-07 20:11:00,EM,Coastal Storm,HURRICANE KATRINA EVACUATION,2005-08-29 12:00:00,2005-10-01 08:55:00,2008-04-09 09:00:00,99063.0,Wallowa (County),5104
3228,No,No,Yes,No,OR,2005-09-07 20:11:00,EM,Coastal Storm,HURRICANE KATRINA EVACUATION,2005-08-29 12:00:00,2005-10-01 08:55:00,2008-04-09 09:00:00,99065.0,Wasco (County),5104
3228,No,No,Yes,No,OR,2005-09-07 20:11:00,EM,Coastal Storm,HURRICANE KATRINA EVACUATION,2005-08-29 12:00:00,2005-10-01 08:55:00,2008-04-09 09:00:00,99067.0,Washington (County),5104
3228,No,No,Yes,No,OR,2005-09-07 20:11:00,EM,Coastal Storm,HURRICANE KATRINA EVACUATION,2005-08-29 12:00:00,2005-10-01 08:55:00,2008-04-09 09:00:00,99069.0,Wheeler (County),5104
3228,No,No,Yes,No,OR,2005-09-07 20:11:00,EM,Coastal Storm,HURRICANE KATRINA EVACUATION,2005-08-29 12:00:00,2005-10-01 08:55:00,2008-04-09 09:00:00,99071.0,Yamhill (County),5104
3227,No,No,Yes,No,WA,2005-09-07 20:08:00,EM,Coastal Storm,HURRICANE KATRINA EVACUATION,2005-08-29 12:00:00,2005-10-01 08:55:00,2010-03-08 00:00:00,99001.0,Adams (County),5102
3227,No,No,Yes,No,WA,2005-09-07 20:08:00,EM,Coastal Storm,HURRICANE KATRINA EVACUATION,2005-08-29 12:00:00,2005-10-01 08:55:00,2010-03-08 00:00:00,99003.0,Asotin (County),5102
3227,No,No,Yes,No,WA,2005-09-07 20:08:00,EM,Coastal Storm,HURRICANE KATRINA EVACUATION,2005-08-29 12:00:00,2005-10-01 08:55:00,2010-03-08 00:00:00,99005.0,Benton (County),5102
3227,No,No,Yes,No,WA,2005-09-07 20:08:00,EM,Coastal Storm,HURRICANE KATRINA EVACUATION,2005-08-29 12:00:00,2005-10-01 08:55:00,2010-03-08 00:00:00,99007.0,Chelan (County),5102
3227,No,No,Yes,No,WA,2005-09-07 20:08:00,EM,Coastal Storm,HURRICANE KATRINA EVACUATION,2005-08-29 12:00:00,2005-10-01 08:55:00,2010-03-08 00:00:00,99009.0,Clallam (County),5102
3227,No,No,Yes,No,WA,2005-09-07 20:08:00,EM,Coastal Storm,HURRICANE KATRINA EVACUATION,2005-08-29 12:00:00,2005-10-01 08:55:00,2010-03-08 00:00:00,99011.0,Clark (County),5102
3227,No,No,Yes,No,WA,2005-09-07 20:08:00,EM,Coastal Storm,HURRICANE KATRINA EVACUATION,2005-08-29 12:00:00,2005-10-01 08:55:00,2010-03-08 00:00:00,99013.0,Columbia (County),5102
3227,No,No,Yes,No,WA,2005-09-07 20:08:00,EM,Coastal Storm,HURRICANE KATRINA EVACUATION,2005-08-29 12:00:00,2005-10-01 08:55:00,2010-03-08 00:00:00,99015.0,Cowlitz (County),5102
3227,No,No,Yes,No,WA,2005-09-07 20:08:00,EM,Coastal Storm,HURRICANE KATRINA EVACUATION,2005-08-29 12:00:00,2005-10-01 08:55:00,2010-03-08 00:00:00,99017.0,Douglas (County),5102
3227,No,No,Yes,No,WA,2005-09-07 20:08:00,EM,Coastal Storm,HURRICANE KATRINA EVACUATION,2005-08-29 12:00:00,2005-10-01 08:55:00,2010-03-08 00:00:00,99019.0,Ferry (County),5102
3227,No,No,Yes,No,WA,2005-09-07 20:08:00,EM,Coastal Storm,HURRICANE KATRINA EVACUATION,2005-08-29 12:00:00,2005-10-01 08:55:00,2010-03-08 00:00:00,99021.0,Franklin (County),5102
3227,No,No,Yes,No,WA,2005-09-07 20:08:00,EM,Coastal Storm,HURRICANE KATRINA EVACUATION,2005-08-29 12:00:00,2005-10-01 08:55:00,2010-03-08 00:00:00,99023.0,Garfield (County),5102
3227,No,No,Yes,No,WA,2005-09-07 20:08:00,EM,Coastal Storm,HURRICANE KATRINA EVACUATION,2005-08-29 12:00:00,2005-10-01 08:55:00,2010-03-08 00:00:00,99025.0,Grant (County),5102
3227,No,No,Yes,No,WA,2005-09-07 20:08:00,EM,Coastal Storm,HURRICANE KATRINA EVACUATION,2005-08-29 12:00:00,2005-10-01 08:55:00,2010-03-08 00:00:00,99027.0,Grays Harbor (County),5102
3227,No,No,Yes,No,WA,2005-09-07 20:08:00,EM,Coastal Storm,HURRICANE KATRINA EVACUATION,2005-08-29 12:00:00,2005-10-01 08:55:00,2010-03-08 00:00:00,99029.0,Island (County),5102
3227,No,No,Yes,No,WA,2005-09-07 20:08:00,EM,Coastal Storm,HURRICANE KATRINA EVACUATION,2005-08-29 12:00:00,2005-10-01 08:55:00,2010-03-08 00:00:00,99031.0,Jefferson (County),5102
3227,No,No,Yes,No,WA,2005-09-07 20:08:00,EM,Coastal Storm,HURRICANE KATRINA EVACUATION,2005-08-29 12:00:00,2005-10-01 08:55:00,2010-03-08 00:00:00,99033.0,King (County),5102
3227,No,No,Yes,No,WA,2005-09-07 20:08:00,EM,Coastal Storm,HURRICANE KATRINA EVACUATION,2005-08-29 12:00:00,2005-10-01 08:55:00,2010-03-08 00:00:00,99035.0,Kitsap (County),5102
3227,No,No,Yes,No,WA,2005-09-07 20:08:00,EM,Coastal Storm,HURRICANE KATRINA EVACUATION,2005-08-29 12:00:00,2005-10-01 08:55:00,2010-03-08 00:00:00,99037.0,Kittitas (County),5102
3227,No,No,Yes,No,WA,2005-09-07 20:08:00,EM,Coastal Storm,HURRICANE KATRINA EVACUATION,2005-08-29 12:00:00,2005-10-01 08:55:00,2010-03-08 00:00:00,99039.0,Klickitat (County),5102
3227,No,No,Yes,No,WA,2005-09-07 20:08:00,EM,Coastal Storm,HURRICANE KATRINA EVACUATION,2005-08-29 12:00:00,2005-10-01 08:55:00,2010-03-08 00:00:00,99041.0,Lewis (County),5102
3227,No,No,Yes,No,WA,2005-09-07 20:08:00,EM,Coastal Storm,HURRICANE KATRINA EVACUATION,2005-08-29 12:00:00,2005-10-01 08:55:00,2010-03-08 00:00:00,99043.0,Lincoln (County),5102
3227,No,No,Yes,No,WA,2005-09-07 20:08:00,EM,Coastal Storm,HURRICANE KATRINA EVACUATION,2005-08-29 12:00:00,2005-10-01 08:55:00,2010-03-08 00:00:00,99045.0,Mason (County),5102
3227,No,No,Yes,No,WA,2005-09-07 20:08:00,EM,Coastal Storm,HURRICANE KATRINA EVACUATION,2005-08-29 12:00:00,2005-10-01 08:55:00,2010-03-08 00:00:00,99047.0,Okanogan (County),5102
3227,No,No,Yes,No,WA,2005-09-07 20:08:00,EM,Coastal Storm,HURRICANE KATRINA EVACUATION,2005-08-29 12:00:00,2005-10-01 08:55:00,2010-03-08 00:00:00,99049.0,Pacific (County),5102
3227,No,No,Yes,No,WA,2005-09-07 20:08:00,EM,Coastal Storm,HURRICANE KATRINA EVACUATION,2005-08-29 12:00:00,2005-10-01 08:55:00,2010-03-08 00:00:00,99051.0,Pend Oreille (County),5102
3227,No,No,Yes,No,WA,2005-09-07 20:08:00,EM,Coastal Storm,HURRICANE KATRINA EVACUATION,2005-08-29 12:00:00,2005-10-01 08:55:00,2010-03-08 00:00:00,99053.0,Pierce (County),5102
3227,No,No,Yes,No,WA,2005-09-07 20:08:00,EM,Coastal Storm,HURRICANE KATRINA EVACUATION,2005-08-29 12:00:00,2005-10-01 08:55:00,2010-03-08 00:00:00,99055.0,San Juan (County),5102
3227,No,No,Yes,No,WA,2005-09-07 20:08:00,EM,Coastal Storm,HURRICANE KATRINA EVACUATION,2005-08-29 12:00:00,2005-10-01 08:55:00,2010-03-08 00:00:00,99057.0,Skagit (County),5102
3227,No,No,Yes,No,WA,2005-09-07 20:08:00,EM,Coastal Storm,HURRICANE KATRINA EVACUATION,2005-08-29 12:00:00,2005-10-01 08:55:00,2010-03-08 00:00:00,99059.0,Skamania (County),5102
3227,No,No,Yes,No,WA,2005-09-07 20:08:00,EM,Coastal Storm,HURRICANE KATRINA EVACUATION,2005-08-29 12:00:00,2005-10-01 08:55:00,2010-03-08 00:00:00,99061.0,Snohomish (County),5102
3227,No,No,Yes,No,WA,2005-09-07 20:08:00,EM,Coastal Storm,HURRICANE KATRINA EVACUATION,2005-08-29 12:00:00,2005-10-01 08:55:00,2010-03-08 00:00:00,99063.0,Spokane (County),5102
3227,No,No,Yes,No,WA,2005-09-07 20:08:00,EM,Coastal Storm,HURRICANE KATRINA EVACUATION,2005-08-29 12:00:00,2005-10-01 08:55:00,2010-03-08 00:00:00,99065.0,Stevens (County),5102
3227,No,No,Yes,No,WA,2005-09-07 20:08:00,EM,Coastal Storm,HURRICANE KATRINA EVACUATION,2005-08-29 12:00:00,2005-10-01 08:55:00,2010-03-08 00:00:00,99067.0,Thurston (County),5102
3227,No,No,Yes,No,WA,2005-09-07 20:08:00,EM,Coastal Storm,HURRICANE KATRINA EVACUATION,2005-08-29 12:00:00,2005-10-01 08:55:00,2010-03-08 00:00:00,99069.0,Wahkiakum (County),5102
3227,No,No,Yes,No,WA,2005-09-07 20:08:00,EM,Coastal Storm,HURRICANE KATRINA EVACUATION,2005-08-29 12:00:00,2005-10-01 08:55:00,2010-03-08 00:00:00,99071.0,Walla Walla (County),5102
3227,No,No,Yes,No,WA,2005-09-07 20:08:00,EM,Coastal Storm,HURRICANE KATRINA EVACUATION,2005-08-29 12:00:00,2005-10-01 08:55:00,2010-03-08 00:00:00,99073.0,Whatcom (County),5102
3227,No,No,Yes,No,WA,2005-09-07 20:08:00,EM,Coastal Storm,HURRICANE KATRINA EVACUATION,2005-08-29 12:00:00,2005-10-01 08:55:00,2010-03-08 00:00:00,99075.0,Whitman (County),5102
3227,No,No,Yes,No,WA,2005-09-07 20:08:00,EM,Coastal Storm,HURRICANE KATRINA EVACUATION,2005-08-29 12:00:00,2005-10-01 08:55:00,2010-03-08 00:00:00,99077.0,Yakima (County),5102
3224,No,No,Yes,No,CO,2005-09-05 13:11:00,EM,Coastal Storm,HURRICANE KATRINA EVACUATION,2005-08-29 00:00:00,2005-10-01 08:55:00,2010-06-30 00:00:00,99001.0,Adams (County),5095
3224,No,No,Yes,No,CO,2005-09-05 13:11:00,EM,Coastal Storm,HURRICANE KATRINA EVACUATION,2005-08-29 00:00:00,2005-10-01 08:55:00,2010-06-30 00:00:00,99003.0,Alamosa (County),5095
3224,No,No,Yes,No,CO,2005-09-05 13:11:00,EM,Coastal Storm,HURRICANE KATRINA EVACUATION,2005-08-29 00:00:00,2005-10-01 08:55:00,2010-06-30 00:00:00,99005.0,Arapahoe (County),5095
3224,No,No,Yes,No,CO,2005-09-05 13:11:00,EM,Coastal Storm,HURRICANE KATRINA EVACUATION,2005-08-29 00:00:00,2005-10-01 08:55:00,2010-06-30 00:00:00,99007.0,Archuleta (County),5095
3224,No,No,Yes,No,CO,2005-09-05 13:11:00,EM,Coastal Storm,HURRICANE KATRINA EVACUATION,2005-08-29 00:00:00,2005-10-01 08:55:00,2010-06-30 00:00:00,99009.0,Baca (County),5095
3224,No,No,Yes,No,CO,2005-09-05 13:11:00,EM,Coastal Storm,HURRICANE KATRINA EVACUATION,2005-08-29 00:00:00,2005-10-01 08:55:00,2010-06-30 00:00:00,99011.0,Bent (County),5095
3224,No,No,Yes,No,CO,2005-09-05 13:11:00,EM,Coastal Storm,HURRICANE KATRINA EVACUATION,2005-08-29 00:00:00,2005-10-01 08:55:00,2010-06-30 00:00:00,99013.0,Boulder (County),5095
3224,No,No,Yes,No,CO,2005-09-05 13:11:00,EM,Coastal Storm,HURRICANE KATRINA EVACUATION,2005-08-29 00:00:00,2005-10-01 08:55:00,2010-06-30 00:00:00,99014.0,Broomfield (County),5095
3224,No,No,Yes,No,CO,2005-09-05 13:11:00,EM,Coastal Storm,HURRICANE KATRINA EVACUATION,2005-08-29 00:00:00,2005-10-01 08:55:00,2010-06-30 00:00:00,99015.0,Chaffee (County),5095
3224,No,No,Yes,No,CO,2005-09-05 13:11:00,EM,Coastal Storm,HURRICANE KATRINA EVACUATION,2005-08-29 00:00:00,2005-10-01 08:55:00,2010-06-30 00:00:00,99017.0,Cheyenne (County),5095
3224,No,No,Yes,No,CO,2005-09-05 13:11:00,EM,Coastal Storm,HURRICANE KATRINA EVACUATION,2005-08-29 00:00:00,2005-10-01 08:55:00,2010-06-30 00:00:00,99019.0,Clear Creek (County),5095
3224,No,No,Yes,No,CO,2005-09-05 13:11:00,EM,Coastal Storm,HURRICANE KATRINA EVACUATION,2005-08-29 00:00:00,2005-10-01 08:55:00,2010-06-30 00:00:00,99021.0,Conejos (County),5095
3224,No,No,Yes,No,CO,2005-09-05 13:11:00,EM,Coastal Storm,HURRICANE KATRINA EVACUATION,2005-08-29 00:00:00,2005-10-01 08:55:00,2010-06-30 00:00:00,99023.0,Costilla (County),5095
3224,No,No,Yes,No,CO,2005-09-05 13:11:00,EM,Coastal Storm,HURRICANE KATRINA EVACUATION,2005-08-29 00:00:00,2005-10-01 08:55:00,2010-06-30 00:00:00,99025.0,Crowley (County),5095
3224,No,No,Yes,No,CO,2005-09-05 13:11:00,EM,Coastal Storm,HURRICANE KATRINA EVACUATION,2005-08-29 00:00:00,2005-10-01 08:55:00,2010-06-30 00:00:00,99027.0,Custer (County),5095
3224,No,No,Yes,No,CO,2005-09-05 13:11:00,EM,Coastal Storm,HURRICANE KATRINA EVACUATION,2005-08-29 00:00:00,2005-10-01 08:55:00,2010-06-30 00:00:00,99029.0,Delta (County),5095
3224,No,No,Yes,No,CO,2005-09-05 13:11:00,EM,Coastal Storm,HURRICANE KATRINA EVACUATION,2005-08-29 00:00:00,2005-10-01 08:55:00,2010-06-30 00:00:00,99031.0,Denver (County),5095
3224,No,No,Yes,No,CO,2005-09-05 13:11:00,EM,Coastal Storm,HURRICANE KATRINA EVACUATION,2005-08-29 00:00:00,2005-10-01 08:55:00,2010-06-30 00:00:00,99033.0,Dolores (County),5095
3224,No,No,Yes,No,CO,2005-09-05 13:11:00,EM,Coastal Storm,HURRICANE KATRINA EVACUATION,2005-08-29 00:00:00,2005-10-01 08:55:00,2010-06-30 00:00:00,99035.0,Douglas (County),5095
3224,No,No,Yes,No,CO,2005-09-05 13:11:00,EM,Coastal Storm,HURRICANE KATRINA EVACUATION,2005-08-29 00:00:00,2005-10-01 08:55:00,2010-06-30 00:00:00,99037.0,Eagle (County),5095
3224,No,No,Yes,No,CO,2005-09-05 13:11:00,EM,Coastal Storm,HURRICANE KATRINA EVACUATION,2005-08-29 00:00:00,2005-10-01 08:55:00,2010-06-30 00:00:00,99039.0,Elbert (County),5095
3224,No,No,Yes,No,CO,2005-09-05 13:11:00,EM,Coastal Storm,HURRICANE KATRINA EVACUATION,2005-08-29 00:00:00,2005-10-01 08:55:00,2010-06-30 00:00:00,99041.0,El Paso (County),5095
3224,No,No,Yes,No,CO,2005-09-05 13:11:00,EM,Coastal Storm,HURRICANE KATRINA EVACUATION,2005-08-29 00:00:00,2005-10-01 08:55:00,2010-06-30 00:00:00,99043.0,Fremont (County),5095
3224,No,No,Yes,No,CO,2005-09-05 13:11:00,EM,Coastal Storm,HURRICANE KATRINA EVACUATION,2005-08-29 00:00:00,2005-10-01 08:55:00,2010-06-30 00:00:00,99045.0,Garfield (County),5095
3224,No,No,Yes,No,CO,2005-09-05 13:11:00,EM,Coastal Storm,HURRICANE KATRINA EVACUATION,2005-08-29 00:00:00,2005-10-01 08:55:00,2010-06-30 00:00:00,99047.0,Gilpin (County),5095
3224,No,No,Yes,No,CO,2005-09-05 13:11:00,EM,Coastal Storm,HURRICANE KATRINA EVACUATION,2005-08-29 00:00:00,2005-10-01 08:55:00,2010-06-30 00:00:00,99049.0,Grand (County),5095
3224,No,No,Yes,No,CO,2005-09-05 13:11:00,EM,Coastal Storm,HURRICANE KATRINA EVACUATION,2005-08-29 00:00:00,2005-10-01 08:55:00,2010-06-30 00:00:00,99051.0,Gunnison (County),5095
3224,No,No,Yes,No,CO,2005-09-05 13:11:00,EM,Coastal Storm,HURRICANE KATRINA EVACUATION,2005-08-29 00:00:00,2005-10-01 08:55:00,2010-06-30 00:00:00,99053.0,Hinsdale (County),5095
3224,No,No,Yes,No,CO,2005-09-05 13:11:00,EM,Coastal Storm,HURRICANE KATRINA EVACUATION,2005-08-29 00:00:00,2005-10-01 08:55:00,2010-06-30 00:00:00,99055.0,Huerfano (County),5095
3224,No,No,Yes,No,CO,2005-09-05 13:11:00,EM,Coastal Storm,HURRICANE KATRINA EVACUATION,2005-08-29 00:00:00,2005-10-01 08:55:00,2010-06-30 00:00:00,99057.0,Jackson (County),5095
3224,No,No,Yes,No,CO,2005-09-05 13:11:00,EM,Coastal Storm,HURRICANE KATRINA EVACUATION,2005-08-29 00:00:00,2005-10-01 08:55:00,2010-06-30 00:00:00,99059.0,Jefferson (County),5095
3224,No,No,Yes,No,CO,2005-09-05 13:11:00,EM,Coastal Storm,HURRICANE KATRINA EVACUATION,2005-08-29 00:00:00,2005-10-01 08:55:00,2010-06-30 00:00:00,99061.0,Kiowa (County),5095
3224,No,No,Yes,No,CO,2005-09-05 13:11:00,EM,Coastal Storm,HURRICANE KATRINA EVACUATION,2005-08-29 00:00:00,2005-10-01 08:55:00,2010-06-30 00:00:00,99063.0,Kit Carson (County),5095
3224,No,No,Yes,No,CO,2005-09-05 13:11:00,EM,Coastal Storm,HURRICANE KATRINA EVACUATION,2005-08-29 00:00:00,2005-10-01 08:55:00,2010-06-30 00:00:00,99065.0,Lake (County),5095
3224,No,No,Yes,No,CO,2005-09-05 13:11:00,EM,Coastal Storm,HURRICANE KATRINA EVACUATION,2005-08-29 00:00:00,2005-10-01 08:55:00,2010-06-30 00:00:00,99067.0,La Plata (County),5095
3224,No,No,Yes,No,CO,2005-09-05 13:11:00,EM,Coastal Storm,HURRICANE KATRINA EVACUATION,2005-08-29 00:00:00,2005-10-01 08:55:00,2010-06-30 00:00:00,99069.0,Larimer (County),5095
3224,No,No,Yes,No,CO,2005-09-05 13:11:00,EM,Coastal Storm,HURRICANE KATRINA EVACUATION,2005-08-29 00:00:00,2005-10-01 08:55:00,2010-06-30 00:00:00,99071.0,Las Animas (County),5095
3224,No,No,Yes,No,CO,2005-09-05 13:11:00,EM,Coastal Storm,HURRICANE KATRINA EVACUATION,2005-08-29 00:00:00,2005-10-01 08:55:00,2010-06-30 00:00:00,99073.0,Lincoln (County),5095
3224,No,No,Yes,No,CO,2005-09-05 13:11:00,EM,Coastal Storm,HURRICANE KATRINA EVACUATION,2005-08-29 00:00:00,2005-10-01 08:55:00,2010-06-30 00:00:00,99075.0,Logan (County),5095
3224,No,No,Yes,No,CO,2005-09-05 13:11:00,EM,Coastal Storm,HURRICANE KATRINA EVACUATION,2005-08-29 00:00:00,2005-10-01 08:55:00,2010-06-30 00:00:00,99077.0,Mesa (County),5095
3224,No,No,Yes,No,CO,2005-09-05 13:11:00,EM,Coastal Storm,HURRICANE KATRINA EVACUATION,2005-08-29 00:00:00,2005-10-01 08:55:00,2010-06-30 00:00:00,99079.0,Mineral (County),5095
3224,No,No,Yes,No,CO,2005-09-05 13:11:00,EM,Coastal Storm,HURRICANE KATRINA EVACUATION,2005-08-29 00:00:00,2005-10-01 08:55:00,2010-06-30 00:00:00,99081.0,Moffat (County),5095
3224,No,No,Yes,No,CO,2005-09-05 13:11:00,EM,Coastal Storm,HURRICANE KATRINA EVACUATION,2005-08-29 00:00:00,2005-10-01 08:55:00,2010-06-30 00:00:00,99083.0,Montezuma (County),5095
3224,No,No,Yes,No,CO,2005-09-05 13:11:00,EM,Coastal Storm,HURRICANE KATRINA EVACUATION,2005-08-29 00:00:00,2005-10-01 08:55:00,2010-06-30 00:00:00,99085.0,Montrose (County),5095
3224,No,No,Yes,No,CO,2005-09-05 13:11:00,EM,Coastal Storm,HURRICANE KATRINA EVACUATION,2005-08-29 00:00:00,2005-10-01 08:55:00,2010-06-30 00:00:00,99087.0,Morgan (County),5095
3224,No,No,Yes,No,CO,2005-09-05 13:11:00,EM,Coastal Storm,HURRICANE KATRINA EVACUATION,2005-08-29 00:00:00,2005-10-01 08:55:00,2010-06-30 00:00:00,99089.0,Otero (County),5095
3224,No,No,Yes,No,CO,2005-09-05 13:11:00,EM,Coastal Storm,HURRICANE KATRINA EVACUATION,2005-08-29 00:00:00,2005-10-01 08:55:00,2010-06-30 00:00:00,99091.0,Ouray (County),5095
3224,No,No,Yes,No,CO,2005-09-05 13:11:00,EM,Coastal Storm,HURRICANE KATRINA EVACUATION,2005-08-29 00:00:00,2005-10-01 08:55:00,2010-06-30 00:00:00,99093.0,Park (County),5095
3224,No,No,Yes,No,CO,2005-09-05 13:11:00,EM,Coastal Storm,HURRICANE KATRINA EVACUATION,2005-08-29 00:00:00,2005-10-01 08:55:00,2010-06-30 00:00:00,99095.0,Phillips (County),5095
3224,No,No,Yes,No,CO,2005-09-05 13:11:00,EM,Coastal Storm,HURRICANE KATRINA EVACUATION,2005-08-29 00:00:00,2005-10-01 08:55:00,2010-06-30 00:00:00,99097.0,Pitkin (County),5095
3224,No,No,Yes,No,CO,2005-09-05 13:11:00,EM,Coastal Storm,HURRICANE KATRINA EVACUATION,2005-08-29 00:00:00,2005-10-01 08:55:00,2010-06-30 00:00:00,99099.0,Prowers (County),5095
3224,No,No,Yes,No,CO,2005-09-05 13:11:00,EM,Coastal Storm,HURRICANE KATRINA EVACUATION,2005-08-29 00:00:00,2005-10-01 08:55:00,2010-06-30 00:00:00,99101.0,Pueblo (County),5095
3224,No,No,Yes,No,CO,2005-09-05 13:11:00,EM,Coastal Storm,HURRICANE KATRINA EVACUATION,2005-08-29 00:00:00,2005-10-01 08:55:00,2010-06-30 00:00:00,99103.0,Rio Blanco (County),5095
3224,No,No,Yes,No,CO,2005-09-05 13:11:00,EM,Coastal Storm,HURRICANE KATRINA EVACUATION,2005-08-29 00:00:00,2005-10-01 08:55:00,2010-06-30 00:00:00,99105.0,Rio Grande (County),5095
3224,No,No,Yes,No,CO,2005-09-05 13:11:00,EM,Coastal Storm,HURRICANE KATRINA EVACUATION,2005-08-29 00:00:00,2005-10-01 08:55:00,2010-06-30 00:00:00,99107.0,Routt (County),5095
3224,No,No,Yes,No,CO,2005-09-05 13:11:00,EM,Coastal Storm,HURRICANE KATRINA EVACUATION,2005-08-29 00:00:00,2005-10-01 08:55:00,2010-06-30 00:00:00,99109.0,Saguache (County),5095
3224,No,No,Yes,No,CO,2005-09-05 13:11:00,EM,Coastal Storm,HURRICANE KATRINA EVACUATION,2005-08-29 00:00:00,2005-10-01 08:55:00,2010-06-30 00:00:00,99111.0,San Juan (County),5095
3224,No,No,Yes,No,CO,2005-09-05 13:11:00,EM,Coastal Storm,HURRICANE KATRINA EVACUATION,2005-08-29 00:00:00,2005-10-01 08:55:00,2010-06-30 00:00:00,99113.0,San Miguel (County),5095
3224,No,No,Yes,No,CO,2005-09-05 13:11:00,EM,Coastal Storm,HURRICANE KATRINA EVACUATION,2005-08-29 00:00:00,2005-10-01 08:55:00,2010-06-30 00:00:00,99115.0,Sedgwick (County),5095
3224,No,No,Yes,No,CO,2005-09-05 13:11:00,EM,Coastal Storm,HURRICANE KATRINA EVACUATION,2005-08-29 00:00:00,2005-10-01 08:55:00,2010-06-30 00:00:00,99117.0,Summit (County),5095
3224,No,No,Yes,No,CO,2005-09-05 13:11:00,EM,Coastal Storm,HURRICANE KATRINA EVACUATION,2005-08-29 00:00:00,2005-10-01 08:55:00,2010-06-30 00:00:00,99119.0,Teller (County),5095
3224,No,No,Yes,No,CO,2005-09-05 13:11:00,EM,Coastal Storm,HURRICANE KATRINA EVACUATION,2005-08-29 00:00:00,2005-10-01 08:55:00,2010-06-30 00:00:00,99121.0,Washington (County),5095
3224,No,No,Yes,No,CO,2005-09-05 13:11:00,EM,Coastal Storm,HURRICANE KATRINA EVACUATION,2005-08-29 00:00:00,2005-10-01 08:55:00,2010-06-30 00:00:00,99123.0,Weld (County),5095
3224,No,No,Yes,No,CO,2005-09-05 13:11:00,EM,Coastal Storm,HURRICANE KATRINA EVACUATION,2005-08-29 00:00:00,2005-10-01 08:55:00,2010-06-30 00:00:00,99125.0,Yuma (County),5095
3223,No,No,Yes,No,UT,2005-09-05 01:24:00,EM,Coastal Storm,HURRICANE KATRINA EVACUATION,2005-08-29 00:00:00,2005-10-01 08:55:00,2010-06-22 00:00:00,99001.0,Beaver (County),5096
3223,No,No,Yes,No,UT,2005-09-05 01:24:00,EM,Coastal Storm,HURRICANE KATRINA EVACUATION,2005-08-29 00:00:00,2005-10-01 08:55:00,2010-06-22 00:00:00,99003.0,Box Elder (County),5096
3223,No,No,Yes,No,UT,2005-09-05 01:24:00,EM,Coastal Storm,HURRICANE KATRINA EVACUATION,2005-08-29 00:00:00,2005-10-01 08:55:00,2010-06-22 00:00:00,99005.0,Cache (County),5096
3223,No,No,Yes,No,UT,2005-09-05 01:24:00,EM,Coastal Storm,HURRICANE KATRINA EVACUATION,2005-08-29 00:00:00,2005-10-01 08:55:00,2010-06-22 00:00:00,99007.0,Carbon (County),5096
3223,No,No,Yes,No,UT,2005-09-05 01:24:00,EM,Coastal Storm,HURRICANE KATRINA EVACUATION,2005-08-29 00:00:00,2005-10-01 08:55:00,2010-06-22 00:00:00,99009.0,Daggett (County),5096
3223,No,No,Yes,No,UT,2005-09-05 01:24:00,EM,Coastal Storm,HURRICANE KATRINA EVACUATION,2005-08-29 00:00:00,2005-10-01 08:55:00,2010-06-22 00:00:00,99011.0,Davis (County),5096
3223,No,No,Yes,No,UT,2005-09-05 01:24:00,EM,Coastal Storm,HURRICANE KATRINA EVACUATION,2005-08-29 00:00:00,2005-10-01 08:55:00,2010-06-22 00:00:00,99013.0,Duchesne (County),5096
3223,No,No,Yes,No,UT,2005-09-05 01:24:00,EM,Coastal Storm,HURRICANE KATRINA EVACUATION,2005-08-29 00:00:00,2005-10-01 08:55:00,2010-06-22 00:00:00,99015.0,Emery (County),5096
3223,No,No,Yes,No,UT,2005-09-05 01:24:00,EM,Coastal Storm,HURRICANE KATRINA EVACUATION,2005-08-29 00:00:00,2005-10-01 08:55:00,2010-06-22 00:00:00,99017.0,Garfield (County),5096
3223,No,No,Yes,No,UT,2005-09-05 01:24:00,EM,Coastal Storm,HURRICANE KATRINA EVACUATION,2005-08-29 00:00:00,2005-10-01 08:55:00,2010-06-22 00:00:00,99019.0,Grand (County),5096
3223,No,No,Yes,No,UT,2005-09-05 01:24:00,EM,Coastal Storm,HURRICANE KATRINA EVACUATION,2005-08-29 00:00:00,2005-10-01 08:55:00,2010-06-22 00:00:00,99021.0,Iron (County),5096
3223,No,No,Yes,No,UT,2005-09-05 01:24:00,EM,Coastal Storm,HURRICANE KATRINA EVACUATION,2005-08-29 00:00:00,2005-10-01 08:55:00,2010-06-22 00:00:00,99023.0,Juab (County),5096
3223,No,No,Yes,No,UT,2005-09-05 01:24:00,EM,Coastal Storm,HURRICANE KATRINA EVACUATION,2005-08-29 00:00:00,2005-10-01 08:55:00,2010-06-22 00:00:00,99025.0,Kane (County),5096
3223,No,No,Yes,No,UT,2005-09-05 01:24:00,EM,Coastal Storm,HURRICANE KATRINA EVACUATION,2005-08-29 00:00:00,2005-10-01 08:55:00,2010-06-22 00:00:00,99027.0,Millard (County),5096
3223,No,No,Yes,No,UT,2005-09-05 01:24:00,EM,Coastal Storm,HURRICANE KATRINA EVACUATION,2005-08-29 00:00:00,2005-10-01 08:55:00,2010-06-22 00:00:00,99029.0,Morgan (County),5096
3223,No,No,Yes,No,UT,2005-09-05 01:24:00,EM,Coastal Storm,HURRICANE KATRINA EVACUATION,2005-08-29 00:00:00,2005-10-01 08:55:00,2010-06-22 00:00:00,99031.0,Piute (County),5096
3223,No,No,Yes,No,UT,2005-09-05 01:24:00,EM,Coastal Storm,HURRICANE KATRINA EVACUATION,2005-08-29 00:00:00,2005-10-01 08:55:00,2010-06-22 00:00:00,99033.0,Rich (County),5096
3223,No,No,Yes,No,UT,2005-09-05 01:24:00,EM,Coastal Storm,HURRICANE KATRINA EVACUATION,2005-08-29 00:00:00,2005-10-01 08:55:00,2010-06-22 00:00:00,99035.0,Salt Lake (County),5096
3223,No,No,Yes,No,UT,2005-09-05 01:24:00,EM,Coastal Storm,HURRICANE KATRINA EVACUATION,2005-08-29 00:00:00,2005-10-01 08:55:00,2010-06-22 00:00:00,99037.0,San Juan (County),5096
3223,No,No,Yes,No,UT,2005-09-05 01:24:00,EM,Coastal Storm,HURRICANE KATRINA EVACUATION,2005-08-29 00:00:00,2005-10-01 08:55:00,2010-06-22 00:00:00,99039.0,Sanpete (County),5096
3223,No,No,Yes,No,UT,2005-09-05 01:24:00,EM,Coastal Storm,HURRICANE KATRINA EVACUATION,2005-08-29 00:00:00,2005-10-01 08:55:00,2010-06-22 00:00:00,99041.0,Sevier (County),5096
3223,No,No,Yes,No,UT,2005-09-05 01:24:00,EM,Coastal Storm,HURRICANE KATRINA EVACUATION,2005-08-29 00:00:00,2005-10-01 08:55:00,2010-06-22 00:00:00,99043.0,Summit (County),5096
3223,No,No,Yes,No,UT,2005-09-05 01:24:00,EM,Coastal Storm,HURRICANE KATRINA EVACUATION,2005-08-29 00:00:00,2005-10-01 08:55:00,2010-06-22 00:00:00,99045.0,Tooele (County),5096
3223,No,No,Yes,No,UT,2005-09-05 01:24:00,EM,Coastal Storm,HURRICANE KATRINA EVACUATION,2005-08-29 00:00:00,2005-10-01 08:55:00,2010-06-22 00:00:00,99047.0,Uintah (County),5096
3223,No,No,Yes,No,UT,2005-09-05 01:24:00,EM,Coastal Storm,HURRICANE KATRINA EVACUATION,2005-08-29 00:00:00,2005-10-01 08:55:00,2010-06-22 00:00:00,99049.0,Utah (County),5096
3223,No,No,Yes,No,UT,2005-09-05 01:24:00,EM,Coastal Storm,HURRICANE KATRINA EVACUATION,2005-08-29 00:00:00,2005-10-01 08:55:00,2010-06-22 00:00:00,99051.0,Wasatch (County),5096
3223,No,No,Yes,No,UT,2005-09-05 01:24:00,EM,Coastal Storm,HURRICANE KATRINA EVACUATION,2005-08-29 00:00:00,2005-10-01 08:55:00,2010-06-22 00:00:00,99053.0,Washington (County),5096
3223,No,No,Yes,No,UT,2005-09-05 01:24:00,EM,Coastal Storm,HURRICANE KATRINA EVACUATION,2005-08-29 00:00:00,2005-10-01 08:55:00,2010-06-22 00:00:00,99055.0,Wayne (County),5096
3223,No,No,Yes,No,UT,2005-09-05 01:24:00,EM,Coastal Storm,HURRICANE KATRINA EVACUATION,2005-08-29 00:00:00,2005-10-01 08:55:00,2010-06-22 00:00:00,99057.0,Weber (County),5096
1434,No,Yes,No,Yes,TX,2002-09-26 15:00:00,DR,Coastal Storm,TROPICAL STORM FAY,2002-09-06 00:00:00,2002-09-30 00:00:00,2009-08-14 00:00:00,99039.0,Brazoria (County),2130
1434,No,Yes,No,Yes,TX,2002-09-26 15:00:00,DR,Coastal Storm,TROPICAL STORM FAY,2002-09-06 00:00:00,2002-09-30 00:00:00,2009-08-14 00:00:00,99163.0,Frio (County),2130
1434,No,Yes,No,Yes,TX,2002-09-26 15:00:00,DR,Coastal Storm,TROPICAL STORM FAY,2002-09-06 00:00:00,2002-09-30 00:00:00,2009-08-14 00:00:00,99167.0,Galveston (County),2130
1434,No,Yes,No,Yes,TX,2002-09-26 15:00:00,DR,Coastal Storm,TROPICAL STORM FAY,2002-09-06 00:00:00,2002-09-30 00:00:00,2009-08-14 00:00:00,99249.0,Jim Wells (County),2130
1434,No,Yes,No,Yes,TX,2002-09-26 15:00:00,DR,Coastal Storm,TROPICAL STORM FAY,2002-09-06 00:00:00,2002-09-30 00:00:00,2009-08-14 00:00:00,99283.0,La Salle (County),2130
1434,No,Yes,No,Yes,TX,2002-09-26 15:00:00,DR,Coastal Storm,TROPICAL STORM FAY,2002-09-06 00:00:00,2002-09-30 00:00:00,2009-08-14 00:00:00,99297.0,Live Oak (County),2130
1434,No,Yes,No,Yes,TX,2002-09-26 15:00:00,DR,Coastal Storm,TROPICAL STORM FAY,2002-09-06 00:00:00,2002-09-30 00:00:00,2009-08-14 00:00:00,99321.0,Matagorda (County),2130
1434,No,Yes,No,Yes,TX,2002-09-26 15:00:00,DR,Coastal Storm,TROPICAL STORM FAY,2002-09-06 00:00:00,2002-09-30 00:00:00,2009-08-14 00:00:00,99355.0,Nueces (County),2130
1434,No,Yes,No,Yes,TX,2002-09-26 15:00:00,DR,Coastal Storm,TROPICAL STORM FAY,2002-09-06 00:00:00,2002-09-30 00:00:00,2009-08-14 00:00:00,99409.0,San Patricio (County),2130
1434,No,Yes,No,Yes,TX,2002-09-26 15:00:00,DR,Coastal Storm,TROPICAL STORM FAY,2002-09-06 00:00:00,2002-09-30 00:00:00,2009-08-14 00:00:00,99479.0,Webb (County),2130
1434,No,Yes,No,Yes,TX,2002-09-26 15:00:00,DR,Coastal Storm,TROPICAL STORM FAY,2002-09-06 00:00:00,2002-09-30 00:00:00,2009-08-14 00:00:00,99481.0,Wharton (County),2130
1393,No,No,Yes,Yes,FL,2001-09-28 11:30:00,DR,Coastal Storm,"SEVERE STORMS, TORNADOES AND FLOODING ASSOCIATED WITH TROPICAL STORM GABRIELLE",2001-09-13 00:00:00,2001-09-21 00:00:00,2017-09-28 23:59:00,99015.0,Charlotte (County),1094
1393,No,No,Yes,Yes,FL,2001-09-28 11:30:00,DR,Coastal Storm,"SEVERE STORMS, TORNADOES AND FLOODING ASSOCIATED WITH TROPICAL STORM GABRIELLE",2001-09-13 00:00:00,2001-09-21 00:00:00,2017-09-28 23:59:00,99021.0,Collier (County),1094
1393,No,No,Yes,Yes,FL,2001-09-28 11:30:00,DR,Coastal Storm,"SEVERE STORMS, TORNADOES AND FLOODING ASSOCIATED WITH TROPICAL STORM GABRIELLE",2001-09-13 00:00:00,2001-09-21 00:00:00,2017-09-28 23:59:00,99027.0,DeSoto (County),1094
1393,No,No,Yes,Yes,FL,2001-09-28 11:30:00,DR,Coastal Storm,"SEVERE STORMS, TORNADOES AND FLOODING ASSOCIATED WITH TROPICAL STORM GABRIELLE",2001-09-13 00:00:00,2001-09-21 00:00:00,2017-09-28 23:59:00,99035.0,Flagler (County),1094
1393,No,No,Yes,Yes,FL,2001-09-28 11:30:00,DR,Coastal Storm,"SEVERE STORMS, TORNADOES AND FLOODING ASSOCIATED WITH TROPICAL STORM GABRIELLE",2001-09-13 00:00:00,2001-09-21 00:00:00,2017-09-28 23:59:00,99049.0,Hardee (County),1094
1393,No,No,Yes,Yes,FL,2001-09-28 11:30:00,DR,Coastal Storm,"SEVERE STORMS, TORNADOES AND FLOODING ASSOCIATED WITH TROPICAL STORM GABRIELLE",2001-09-13 00:00:00,2001-09-21 00:00:00,2017-09-28 23:59:00,99055.0,Highlands (County),1094
1393,No,No,Yes,Yes,FL,2001-09-28 11:30:00,DR,Coastal Storm,"SEVERE STORMS, TORNADOES AND FLOODING ASSOCIATED WITH TROPICAL STORM GABRIELLE",2001-09-13 00:00:00,2001-09-21 00:00:00,2017-09-28 23:59:00,99071.0,Lee (County),1094
1393,No,No,Yes,Yes,FL,2001-09-28 11:30:00,DR,Coastal Storm,"SEVERE STORMS, TORNADOES AND FLOODING ASSOCIATED WITH TROPICAL STORM GABRIELLE",2001-09-13 00:00:00,2001-09-21 00:00:00,2017-09-28 23:59:00,99081.0,Manatee (County),1094
1393,No,No,Yes,Yes,FL,2001-09-28 11:30:00,DR,Coastal Storm,"SEVERE STORMS, TORNADOES AND FLOODING ASSOCIATED WITH TROPICAL STORM GABRIELLE",2001-09-13 00:00:00,2001-09-21 00:00:00,2017-09-28 23:59:00,99107.0,Putnam (County),1094
1393,No,No,Yes,Yes,FL,2001-09-28 11:30:00,DR,Coastal Storm,"SEVERE STORMS, TORNADOES AND FLOODING ASSOCIATED WITH TROPICAL STORM GABRIELLE",2001-09-13 00:00:00,2001-09-21 00:00:00,2017-09-28 23:59:00,99109.0,St. Johns (County),1094
1393,No,No,Yes,Yes,FL,2001-09-28 11:30:00,DR,Coastal Storm,"SEVERE STORMS, TORNADOES AND FLOODING ASSOCIATED WITH TROPICAL STORM GABRIELLE",2001-09-13 00:00:00,2001-09-21 00:00:00,2017-09-28 23:59:00,99115.0,Sarasota (County),1094
1380,No,Yes,Yes,Yes,LA,2001-06-11 18:42:00,DR,Coastal Storm,TROPICAL STORM ALLISON,2001-06-05 16:30:00,2001-06-22 00:00:00,2016-01-27 23:59:00,99005.0,Ascension (Parish),1066
1380,No,Yes,Yes,Yes,LA,2001-06-11 18:42:00,DR,Coastal Storm,TROPICAL STORM ALLISON,2001-06-05 16:30:00,2001-06-22 00:00:00,2016-01-27 23:59:00,99007.0,Assumption (Parish),1066
1380,No,Yes,Yes,Yes,LA,2001-06-11 18:42:00,DR,Coastal Storm,TROPICAL STORM ALLISON,2001-06-05 16:30:00,2001-06-22 00:00:00,2016-01-27 23:59:00,99011.0,Beauregard (Parish),1066
1380,No,Yes,Yes,Yes,LA,2001-06-11 18:42:00,DR,Coastal Storm,TROPICAL STORM ALLISON,2001-06-05 16:30:00,2001-06-22 00:00:00,2016-01-27 23:59:00,99033.0,East Baton Rouge (Parish),1066
1380,No,Yes,Yes,Yes,LA,2001-06-11 18:42:00,DR,Coastal Storm,TROPICAL STORM ALLISON,2001-06-05 16:30:00,2001-06-22 00:00:00,2016-01-27 23:59:00,99037.0,East Feliciana (Parish),1066
1380,No,Yes,Yes,Yes,LA,2001-06-11 18:42:00,DR,Coastal Storm,TROPICAL STORM ALLISON,2001-06-05 16:30:00,2001-06-22 00:00:00,2016-01-27 23:59:00,99045.0,Iberia (Parish),1066
1380,No,Yes,Yes,Yes,LA,2001-06-11 18:42:00,DR,Coastal Storm,TROPICAL STORM ALLISON,2001-06-05 16:30:00,2001-06-22 00:00:00,2016-01-27 23:59:00,99047.0,Iberville (Parish),1066
1380,No,Yes,Yes,Yes,LA,2001-06-11 18:42:00,DR,Coastal Storm,TROPICAL STORM ALLISON,2001-06-05 16:30:00,2001-06-22 00:00:00,2016-01-27 23:59:00,99051.0,Jefferson (Parish),1066
1380,No,Yes,Yes,Yes,LA,2001-06-11 18:42:00,DR,Coastal Storm,TROPICAL STORM ALLISON,2001-06-05 16:30:00,2001-06-22 00:00:00,2016-01-27 23:59:00,99055.0,Lafayette (Parish),1066
1380,No,Yes,Yes,Yes,LA,2001-06-11 18:42:00,DR,Coastal Storm,TROPICAL STORM ALLISON,2001-06-05 16:30:00,2001-06-22 00:00:00,2016-01-27 23:59:00,99057.0,Lafourche (Parish),1066
1380,No,Yes,Yes,Yes,LA,2001-06-11 18:42:00,DR,Coastal Storm,TROPICAL STORM ALLISON,2001-06-05 16:30:00,2001-06-22 00:00:00,2016-01-27 23:59:00,99063.0,Livingston (Parish),1066
1380,No,Yes,Yes,Yes,LA,2001-06-11 18:42:00,DR,Coastal Storm,TROPICAL STORM ALLISON,2001-06-05 16:30:00,2001-06-22 00:00:00,2016-01-27 23:59:00,99071.0,Orleans (Parish),1066
1380,No,Yes,Yes,Yes,LA,2001-06-11 18:42:00,DR,Coastal Storm,TROPICAL STORM ALLISON,2001-06-05 16:30:00,2001-06-22 00:00:00,2016-01-27 23:59:00,99077.0,Pointe Coupee (Parish),1066
1380,No,Yes,Yes,Yes,LA,2001-06-11 18:42:00,DR,Coastal Storm,TROPICAL STORM ALLISON,2001-06-05 16:30:00,2001-06-22 00:00:00,2016-01-27 23:59:00,99087.0,St. Bernard (Parish),1066
1380,No,Yes,Yes,Yes,LA,2001-06-11 18:42:00,DR,Coastal Storm,TROPICAL STORM ALLISON,2001-06-05 16:30:00,2001-06-22 00:00:00,2016-01-27 23:59:00,99089.0,St. Charles (Parish),1066
1380,No,Yes,Yes,Yes,LA,2001-06-11 18:42:00,DR,Coastal Storm,TROPICAL STORM ALLISON,2001-06-05 16:30:00,2001-06-22 00:00:00,2016-01-27 23:59:00,99091.0,St. Helena (Parish),1066
1380,No,Yes,Yes,Yes,LA,2001-06-11 18:42:00,DR,Coastal Storm,TROPICAL STORM ALLISON,2001-06-05 16:30:00,2001-06-22 00:00:00,2016-01-27 23:59:00,99093.0,St. James (Parish),1066
1380,No,Yes,Yes,Yes,LA,2001-06-11 18:42:00,DR,Coastal Storm,TROPICAL STORM ALLISON,2001-06-05 16:30:00,2001-06-22 00:00:00,2016-01-27 23:59:00,99095.0,St. John the Baptist (Parish),1066
1380,No,Yes,Yes,Yes,LA,2001-06-11 18:42:00,DR,Coastal Storm,TROPICAL STORM ALLISON,2001-06-05 16:30:00,2001-06-22 00:00:00,2016-01-27 23:59:00,99099.0,St. Martin (Parish),1066
1380,No,Yes,Yes,Yes,LA,2001-06-11 18:42:00,DR,Coastal Storm,TROPICAL STORM ALLISON,2001-06-05 16:30:00,2001-06-22 00:00:00,2016-01-27 23:59:00,99101.0,St. Mary (Parish),1066
1380,No,Yes,Yes,Yes,LA,2001-06-11 18:42:00,DR,Coastal Storm,TROPICAL STORM ALLISON,2001-06-05 16:30:00,2001-06-22 00:00:00,2016-01-27 23:59:00,99103.0,St. Tammany (Parish),1066
1380,No,Yes,Yes,Yes,LA,2001-06-11 18:42:00,DR,Coastal Storm,TROPICAL STORM ALLISON,2001-06-05 16:30:00,2001-06-22 00:00:00,2016-01-27 23:59:00,99105.0,Tangipahoa (Parish),1066
1380,No,Yes,Yes,Yes,LA,2001-06-11 18:42:00,DR,Coastal Storm,TROPICAL STORM ALLISON,2001-06-05 16:30:00,2001-06-22 00:00:00,2016-01-27 23:59:00,99109.0,Terrebonne (Parish),1066
1380,No,Yes,Yes,Yes,LA,2001-06-11 18:42:00,DR,Coastal Storm,TROPICAL STORM ALLISON,2001-06-05 16:30:00,2001-06-22 00:00:00,2016-01-27 23:59:00,99113.0,Vermilion (Parish),1066
1380,No,Yes,Yes,Yes,LA,2001-06-11 18:42:00,DR,Coastal Storm,TROPICAL STORM ALLISON,2001-06-05 16:30:00,2001-06-22 00:00:00,2016-01-27 23:59:00,99117.0,Washington (Parish),1066
1380,No,Yes,Yes,Yes,LA,2001-06-11 18:42:00,DR,Coastal Storm,TROPICAL STORM ALLISON,2001-06-05 16:30:00,2001-06-22 00:00:00,2016-01-27 23:59:00,99121.0,West Baton Rouge (Parish),1066
1380,No,Yes,Yes,Yes,LA,2001-06-11 18:42:00,DR,Coastal Storm,TROPICAL STORM ALLISON,2001-06-05 16:30:00,2001-06-22 00:00:00,2016-01-27 23:59:00,99125.0,West Feliciana (Parish),1066
1379,No,Yes,Yes,Yes,TX,2001-06-09 11:00:00,DR,Coastal Storm,TX-TROPICAL STORM ALLISON-06-06-2001,2001-06-05 16:30:00,2001-06-20 00:00:00,,99001.0,Anderson (County),1065
1379,No,Yes,Yes,Yes,TX,2001-06-09 11:00:00,DR,Coastal Storm,TX-TROPICAL STORM ALLISON-06-06-2001,2001-06-05 16:30:00,2001-06-20 00:00:00,,99005.0,Angelina (County),1065
1379,No,Yes,Yes,Yes,TX,2001-06-09 11:00:00,DR,Coastal Storm,TX-TROPICAL STORM ALLISON-06-06-2001,2001-06-05 16:30:00,2001-06-20 00:00:00,,99039.0,Brazoria (County),1065
1379,No,Yes,Yes,Yes,TX,2001-06-09 11:00:00,DR,Coastal Storm,TX-TROPICAL STORM ALLISON-06-06-2001,2001-06-05 16:30:00,2001-06-20 00:00:00,,99071.0,Chambers (County),1065
1379,No,Yes,Yes,Yes,TX,2001-06-09 11:00:00,DR,Coastal Storm,TX-TROPICAL STORM ALLISON-06-06-2001,2001-06-05 16:30:00,2001-06-20 00:00:00,,99073.0,Cherokee (County),1065
1379,No,Yes,Yes,Yes,TX,2001-06-09 11:00:00,DR,Coastal Storm,TX-TROPICAL STORM ALLISON-06-06-2001,2001-06-05 16:30:00,2001-06-20 00:00:00,,99157.0,Fort Bend (County),1065
1379,No,Yes,Yes,Yes,TX,2001-06-09 11:00:00,DR,Coastal Storm,TX-TROPICAL STORM ALLISON-06-06-2001,2001-06-05 16:30:00,2001-06-20 00:00:00,,99167.0,Galveston (County),1065
1379,No,Yes,Yes,Yes,TX,2001-06-09 11:00:00,DR,Coastal Storm,TX-TROPICAL STORM ALLISON-06-06-2001,2001-06-05 16:30:00,2001-06-20 00:00:00,,99185.0,Grimes (County),1065
1379,No,Yes,Yes,Yes,TX,2001-06-09 11:00:00,DR,Coastal Storm,TX-TROPICAL STORM ALLISON-06-06-2001,2001-06-05 16:30:00,2001-06-20 00:00:00,,99199.0,Hardin (County),1065
1379,No,Yes,Yes,Yes,TX,2001-06-09 11:00:00,DR,Coastal Storm,TX-TROPICAL STORM ALLISON-06-06-2001,2001-06-05 16:30:00,2001-06-20 00:00:00,,99201.0,Harris (County),1065
1379,No,Yes,Yes,Yes,TX,2001-06-09 11:00:00,DR,Coastal Storm,TX-TROPICAL STORM ALLISON-06-06-2001,2001-06-05 16:30:00,2001-06-20 00:00:00,,99203.0,Harrison (County),1065
1379,No,Yes,Yes,Yes,TX,2001-06-09 11:00:00,DR,Coastal Storm,TX-TROPICAL STORM ALLISON-06-06-2001,2001-06-05 16:30:00,2001-06-20 00:00:00,,99225.0,Houston (County),1065
1379,No,Yes,Yes,Yes,TX,2001-06-09 11:00:00,DR,Coastal Storm,TX-TROPICAL STORM ALLISON-06-06-2001,2001-06-05 16:30:00,2001-06-20 00:00:00,,99241.0,Jasper (County),1065
1379,No,Yes,Yes,Yes,TX,2001-06-09 11:00:00,DR,Coastal Storm,TX-TROPICAL STORM ALLISON-06-06-2001,2001-06-05 16:30:00,2001-06-20 00:00:00,,99245.0,Jefferson (County),1065
1379,No,Yes,Yes,Yes,TX,2001-06-09 11:00:00,DR,Coastal Storm,TX-TROPICAL STORM ALLISON-06-06-2001,2001-06-05 16:30:00,2001-06-20 00:00:00,,99289.0,Leon (County),1065
1379,No,Yes,Yes,Yes,TX,2001-06-09 11:00:00,DR,Coastal Storm,TX-TROPICAL STORM ALLISON-06-06-2001,2001-06-05 16:30:00,2001-06-20 00:00:00,,99291.0,Liberty (County),1065
1379,No,Yes,Yes,Yes,TX,2001-06-09 11:00:00,DR,Coastal Storm,TX-TROPICAL STORM ALLISON-06-06-2001,2001-06-05 16:30:00,2001-06-20 00:00:00,,99313.0,Madison (County),1065
1379,No,Yes,Yes,Yes,TX,2001-06-09 11:00:00,DR,Coastal Storm,TX-TROPICAL STORM ALLISON-06-06-2001,2001-06-05 16:30:00,2001-06-20 00:00:00,,99339.0,Montgomery (County),1065
1379,No,Yes,Yes,Yes,TX,2001-06-09 11:00:00,DR,Coastal Storm,TX-TROPICAL STORM ALLISON-06-06-2001,2001-06-05 16:30:00,2001-06-20 00:00:00,,99347.0,Nacogdoches (County),1065
1379,No,Yes,Yes,Yes,TX,2001-06-09 11:00:00,DR,Coastal Storm,TX-TROPICAL STORM ALLISON-06-06-2001,2001-06-05 16:30:00,2001-06-20 00:00:00,,99351.0,Newton (County),1065
1379,No,Yes,Yes,Yes,TX,2001-06-09 11:00:00,DR,Coastal Storm,TX-TROPICAL STORM ALLISON-06-06-2001,2001-06-05 16:30:00,2001-06-20 00:00:00,,99361.0,Orange (County),1065
1379,No,Yes,Yes,Yes,TX,2001-06-09 11:00:00,DR,Coastal Storm,TX-TROPICAL STORM ALLISON-06-06-2001,2001-06-05 16:30:00,2001-06-20 00:00:00,,99373.0,Polk (County),1065
1379,No,Yes,Yes,Yes,TX,2001-06-09 11:00:00,DR,Coastal Storm,TX-TROPICAL STORM ALLISON-06-06-2001,2001-06-05 16:30:00,2001-06-20 00:00:00,,99403.0,Sabine (County),1065
1379,No,Yes,Yes,Yes,TX,2001-06-09 11:00:00,DR,Coastal Storm,TX-TROPICAL STORM ALLISON-06-06-2001,2001-06-05 16:30:00,2001-06-20 00:00:00,,99405.0,San Augustine (County),1065
1379,No,Yes,Yes,Yes,TX,2001-06-09 11:00:00,DR,Coastal Storm,TX-TROPICAL STORM ALLISON-06-06-2001,2001-06-05 16:30:00,2001-06-20 00:00:00,,99407.0,San Jacinto (County),1065
1379,No,Yes,Yes,Yes,TX,2001-06-09 11:00:00,DR,Coastal Storm,TX-TROPICAL STORM ALLISON-06-06-2001,2001-06-05 16:30:00,2001-06-20 00:00:00,,99419.0,Shelby (County),1065
1379,No,Yes,Yes,Yes,TX,2001-06-09 11:00:00,DR,Coastal Storm,TX-TROPICAL STORM ALLISON-06-06-2001,2001-06-05 16:30:00,2001-06-20 00:00:00,,99423.0,Smith (County),1065
1379,No,Yes,Yes,Yes,TX,2001-06-09 11:00:00,DR,Coastal Storm,TX-TROPICAL STORM ALLISON-06-06-2001,2001-06-05 16:30:00,2001-06-20 00:00:00,,99455.0,Trinity (County),1065
1379,No,Yes,Yes,Yes,TX,2001-06-09 11:00:00,DR,Coastal Storm,TX-TROPICAL STORM ALLISON-06-06-2001,2001-06-05 16:30:00,2001-06-20 00:00:00,,99457.0,Tyler (County),1065
1379,No,Yes,Yes,Yes,TX,2001-06-09 11:00:00,DR,Coastal Storm,TX-TROPICAL STORM ALLISON-06-06-2001,2001-06-05 16:30:00,2001-06-20 00:00:00,,99471.0,Walker (County),1065
1379,No,Yes,Yes,Yes,TX,2001-06-09 11:00:00,DR,Coastal Storm,TX-TROPICAL STORM ALLISON-06-06-2001,2001-06-05 16:30:00,2001-06-20 00:00:00,,99473.0,Waller (County),1065
1206,No,Yes,Yes,No,NJ,1998-03-03 00:00:00,DR,Coastal Storm,"SEVERE WINTER COASTAL STORM, HIGH WINDS, FLOODING",1998-02-04 00:00:00,1998-02-08 00:00:00,2006-04-10 00:00:00,99001.0,Atlantic (County),98021
1206,No,Yes,Yes,No,NJ,1998-03-03 00:00:00,DR,Coastal Storm,"SEVERE WINTER COASTAL STORM, HIGH WINDS, FLOODING",1998-02-04 00:00:00,1998-02-08 00:00:00,2006-04-10 00:00:00,99009.0,Cape May (County),98021
1206,No,Yes,Yes,No,NJ,1998-03-03 00:00:00,DR,Coastal Storm,"SEVERE WINTER COASTAL STORM, HIGH WINDS, FLOODING",1998-02-04 00:00:00,1998-02-08 00:00:00,2006-04-10 00:00:00,99029.0,Ocean (County),98021
1040,No,No,Yes,Yes,MH,1994-10-06 00:00:00,DR,Coastal Storm,HIGH SURF AND WAVE ACTION,1994-06-09 00:00:00,1994-06-10 00:00:00,2006-03-06 00:00:00,99190.0,Majuro (County-equivalent),94004
976,No,No,Yes,Yes,DE,1993-01-15 00:00:00,DR,Coastal Storm,SEVERE COASTAL STORM & FLOODING,1992-12-11 00:00:00,1992-12-14 00:00:00,2001-07-30 00:00:00,99005.0,Sussex (County),93001
975,No,Yes,Yes,Yes,MA,1992-12-21 00:00:00,DR,Coastal Storm,WINTER COASTAL STORM,1992-12-11 00:00:00,1992-12-13 00:00:00,2006-04-11 00:00:00,99001.0,Barnstable (County),92057
975,No,Yes,Yes,Yes,MA,1992-12-21 00:00:00,DR,Coastal Storm,WINTER COASTAL STORM,1992-12-11 00:00:00,1992-12-13 00:00:00,2006-04-11 00:00:00,99007.0,Dukes (County),92057
975,No,Yes,Yes,Yes,MA,1992-12-21 00:00:00,DR,Coastal Storm,WINTER COASTAL STORM,1992-12-11 00:00:00,1992-12-13 00:00:00,2006-04-11 00:00:00,99009.0,"Essex (County)(in PMSA 1120,4160,7090)",92057
975,No,Yes,Yes,Yes,MA,1992-12-21 00:00:00,DR,Coastal Storm,WINTER COASTAL STORM,1992-12-11 00:00:00,1992-12-13 00:00:00,2006-04-11 00:00:00,99017.0,"Middlesex (County)(in (P)MSA 1120,2600,4560)",92057
975,No,Yes,Yes,Yes,MA,1992-12-21 00:00:00,DR,Coastal Storm,WINTER COASTAL STORM,1992-12-11 00:00:00,1992-12-13 00:00:00,2006-04-11 00:00:00,99019.0,Nantucket (County),92057
975,No,Yes,Yes,Yes,MA,1992-12-21 00:00:00,DR,Coastal Storm,WINTER COASTAL STORM,1992-12-11 00:00:00,1992-12-13 00:00:00,2006-04-11 00:00:00,99021.0,"Norfolk (County)(in PMSA 1120,1200,6060)",92057
975,No,Yes,Yes,Yes,MA,1992-12-21 00:00:00,DR,Coastal Storm,WINTER COASTAL STORM,1992-12-11 00:00:00,1992-12-13 00:00:00,2006-04-11 00:00:00,99023.0,"Plymouth (County)(in (P)MSA 1120,1200,5400)",92057
975,No,Yes,Yes,Yes,MA,1992-12-21 00:00:00,DR,Coastal Storm,WINTER COASTAL STORM,1992-12-11 00:00:00,1992-12-13 00:00:00,2006-04-11 00:00:00,99025.0,Suffolk (County),92057
975,No,Yes,Yes,Yes,MA,1992-12-21 00:00:00,DR,Coastal Storm,WINTER COASTAL STORM,1992-12-11 00:00:00,1992-12-13 00:00:00,2006-04-11 00:00:00,99027.0,"Worcester (County) (in (P)MSA 1120,2600,9240)",92057
923,No,Yes,Yes,Yes,NH,1991-11-13 00:00:00,DR,Coastal Storm,COASTAL STORM,1991-10-30 00:00:00,1991-10-31 00:00:00,2001-09-24 00:00:00,99015.0,"Rockingham (County)(in (P)MSA 4160,4760,6450)",91052
921,No,Yes,Yes,Yes,ME,1991-11-07 00:00:00,DR,Coastal Storm,COASTAL STORM,1991-10-30 00:00:00,1991-11-02 00:00:00,2001-09-28 00:00:00,99005.0,Cumberland (County),91049
921,No,Yes,Yes,Yes,ME,1991-11-07 00:00:00,DR,Coastal Storm,COASTAL STORM,1991-10-30 00:00:00,1991-11-02 00:00:00,2001-09-28 00:00:00,99013.0,Knox (County),91049
921,No,Yes,Yes,Yes,ME,1991-11-07 00:00:00,DR,Coastal Storm,COASTAL STORM,1991-10-30 00:00:00,1991-11-02 00:00:00,2001-09-28 00:00:00,99015.0,Lincoln (County),91049
921,No,Yes,Yes,Yes,ME,1991-11-07 00:00:00,DR,Coastal Storm,COASTAL STORM,1991-10-30 00:00:00,1991-11-02 00:00:00,2001-09-28 00:00:00,99023.0,Sagadahoc (County),91049
921,No,Yes,Yes,Yes,ME,1991-11-07 00:00:00,DR,Coastal Storm,COASTAL STORM,1991-10-30 00:00:00,1991-11-02 00:00:00,2001-09-28 00:00:00,99031.0,"York (County)(in MSA 6400,6450)",91049
920,No,Yes,Yes,Yes,MA,1991-11-04 00:00:00,DR,Coastal Storm,COASTAL STORM,1991-10-30 00:00:00,1991-11-02 00:00:00,2002-01-29 00:00:00,99001.0,Barnstable (County),91048
920,No,Yes,Yes,Yes,MA,1991-11-04 00:00:00,DR,Coastal Storm,COASTAL STORM,1991-10-30 00:00:00,1991-11-02 00:00:00,2002-01-29 00:00:00,99007.0,Dukes (County),91048
920,No,Yes,Yes,Yes,MA,1991-11-04 00:00:00,DR,Coastal Storm,COASTAL STORM,1991-10-30 00:00:00,1991-11-02 00:00:00,2002-01-29 00:00:00,99009.0,"Essex (County)(in PMSA 1120,4160,7090)",91048
920,No,Yes,Yes,Yes,MA,1991-11-04 00:00:00,DR,Coastal Storm,COASTAL STORM,1991-10-30 00:00:00,1991-11-02 00:00:00,2002-01-29 00:00:00,99019.0,Nantucket (County),91048
920,No,Yes,Yes,Yes,MA,1991-11-04 00:00:00,DR,Coastal Storm,COASTAL STORM,1991-10-30 00:00:00,1991-11-02 00:00:00,2002-01-29 00:00:00,99021.0,"Norfolk (County)(in PMSA 1120,1200,6060)",91048
920,No,Yes,Yes,Yes,MA,1991-11-04 00:00:00,DR,Coastal Storm,COASTAL STORM,1991-10-30 00:00:00,1991-11-02 00:00:00,2002-01-29 00:00:00,99023.0,"Plymouth (County)(in (P)MSA 1120,1200,5400)",91048
920,No,Yes,Yes,Yes,MA,1991-11-04 00:00:00,DR,Coastal Storm,COASTAL STORM,1991-10-30 00:00:00,1991-11-02 00:00:00,2002-01-29 00:00:00,99025.0,Suffolk (County),91048
677,No,Yes,Yes,Yes,CA,1983-02-09 00:00:00,DR,Coastal Storm,"COASTAL STORMS, FLOODS, SLIDES & TORNADOES",1983-01-21 00:00:00,1983-03-30 00:00:00,2000-09-25 00:00:00,99001.0,Alameda (County),83017
677,No,Yes,Yes,Yes,CA,1983-02-09 00:00:00,DR,Coastal Storm,"COASTAL STORMS, FLOODS, SLIDES & TORNADOES",1983-01-21 00:00:00,1983-03-30 00:00:00,2000-09-25 00:00:00,99007.0,Butte (County),83017
677,No,Yes,Yes,Yes,CA,1983-02-09 00:00:00,DR,Coastal Storm,"COASTAL STORMS, FLOODS, SLIDES & TORNADOES",1983-01-21 00:00:00,1983-03-30 00:00:00,2000-09-25 00:00:00,99011.0,Colusa (County),83017
677,No,Yes,Yes,Yes,CA,1983-02-09 00:00:00,DR,Coastal Storm,"COASTAL STORMS, FLOODS, SLIDES & TORNADOES",1983-01-21 00:00:00,1983-03-30 00:00:00,2000-09-25 00:00:00,99013.0,Contra Costa (County),83017
677,No,Yes,Yes,Yes,CA,1983-02-09 00:00:00,DR,Coastal Storm,"COASTAL STORMS, FLOODS, SLIDES & TORNADOES",1983-01-21 00:00:00,1983-03-30 00:00:00,2000-09-25 00:00:00,99015.0,Del Norte (County),83017
677,No,Yes,Yes,Yes,CA,1983-02-09 00:00:00,DR,Coastal Storm,"COASTAL STORMS, FLOODS, SLIDES & TORNADOES",1983-01-21 00:00:00,1983-03-30 00:00:00,2000-09-25 00:00:00,99021.0,Glenn (County),83017
677,No,Yes,Yes,Yes,CA,1983-02-09 00:00:00,DR,Coastal Storm,"COASTAL STORMS, FLOODS, SLIDES & TORNADOES",1983-01-21 00:00:00,1983-03-30 00:00:00,2000-09-25 00:00:00,99023.0,Humboldt (County),83017
677,No,Yes,Yes,Yes,CA,1983-02-09 00:00:00,DR,Coastal Storm,"COASTAL STORMS, FLOODS, SLIDES & TORNADOES",1983-01-21 00:00:00,1983-03-30 00:00:00,2000-09-25 00:00:00,99029.0,Kern (County),83017
677,No,Yes,Yes,Yes,CA,1983-02-09 00:00:00,DR,Coastal Storm,"COASTAL STORMS, FLOODS, SLIDES & TORNADOES",1983-01-21 00:00:00,1983-03-30 00:00:00,2000-09-25 00:00:00,99031.0,Kings (County),83017
677,No,Yes,Yes,Yes,CA,1983-02-09 00:00:00,DR,Coastal Storm,"COASTAL STORMS, FLOODS, SLIDES & TORNADOES",1983-01-21 00:00:00,1983-03-30 00:00:00,2000-09-25 00:00:00,99033.0,Lake (County),83017
677,No,Yes,Yes,Yes,CA,1983-02-09 00:00:00,DR,Coastal Storm,"COASTAL STORMS, FLOODS, SLIDES & TORNADOES",1983-01-21 00:00:00,1983-03-30 00:00:00,2000-09-25 00:00:00,99037.0,Los Angeles (County),83017
677,No,Yes,Yes,Yes,CA,1983-02-09 00:00:00,DR,Coastal Storm,"COASTAL STORMS, FLOODS, SLIDES & TORNADOES",1983-01-21 00:00:00,1983-03-30 00:00:00,2000-09-25 00:00:00,99041.0,Marin (County),83017
677,No,Yes,Yes,Yes,CA,1983-02-09 00:00:00,DR,Coastal Storm,"COASTAL STORMS, FLOODS, SLIDES & TORNADOES",1983-01-21 00:00:00,1983-03-30 00:00:00,2000-09-25 00:00:00,99043.0,Mariposa (County),83017
677,No,Yes,Yes,Yes,CA,1983-02-09 00:00:00,DR,Coastal Storm,"COASTAL STORMS, FLOODS, SLIDES & TORNADOES",1983-01-21 00:00:00,1983-03-30 00:00:00,2000-09-25 00:00:00,99045.0,Mendocino (County),83017
677,No,Yes,Yes,Yes,CA,1983-02-09 00:00:00,DR,Coastal Storm,"COASTAL STORMS, FLOODS, SLIDES & TORNADOES",1983-01-21 00:00:00,1983-03-30 00:00:00,2000-09-25 00:00:00,99047.0,Merced (County),83017
677,No,Yes,Yes,Yes,CA,1983-02-09 00:00:00,DR,Coastal Storm,"COASTAL STORMS, FLOODS, SLIDES & TORNADOES",1983-01-21 00:00:00,1983-03-30 00:00:00,2000-09-25 00:00:00,99053.0,Monterey (County),83017
677,No,Yes,Yes,Yes,CA,1983-02-09 00:00:00,DR,Coastal Storm,"COASTAL STORMS, FLOODS, SLIDES & TORNADOES",1983-01-21 00:00:00,1983-03-30 00:00:00,2000-09-25 00:00:00,99055.0,Napa (County),83017
677,No,Yes,Yes,Yes,CA,1983-02-09 00:00:00,DR,Coastal Storm,"COASTAL STORMS, FLOODS, SLIDES & TORNADOES",1983-01-21 00:00:00,1983-03-30 00:00:00,2000-09-25 00:00:00,99059.0,Orange (County),83017
677,No,Yes,Yes,Yes,CA,1983-02-09 00:00:00,DR,Coastal Storm,"COASTAL STORMS, FLOODS, SLIDES & TORNADOES",1983-01-21 00:00:00,1983-03-30 00:00:00,2000-09-25 00:00:00,99061.0,Placer (County),83017
677,No,Yes,Yes,Yes,CA,1983-02-09 00:00:00,DR,Coastal Storm,"COASTAL STORMS, FLOODS, SLIDES & TORNADOES",1983-01-21 00:00:00,1983-03-30 00:00:00,2000-09-25 00:00:00,99065.0,Riverside (County),83017
677,No,Yes,Yes,Yes,CA,1983-02-09 00:00:00,DR,Coastal Storm,"COASTAL STORMS, FLOODS, SLIDES & TORNADOES",1983-01-21 00:00:00,1983-03-30 00:00:00,2000-09-25 00:00:00,99067.0,Sacramento (County),83017
677,No,Yes,Yes,Yes,CA,1983-02-09 00:00:00,DR,Coastal Storm,"COASTAL STORMS, FLOODS, SLIDES & TORNADOES",1983-01-21 00:00:00,1983-03-30 00:00:00,2000-09-25 00:00:00,99069.0,San Benito (County),83017
677,No,Yes,Yes,Yes,CA,1983-02-09 00:00:00,DR,Coastal Storm,"COASTAL STORMS, FLOODS, SLIDES & TORNADOES",1983-01-21 00:00:00,1983-03-30 00:00:00,2000-09-25 00:00:00,99071.0,San Bernardino (County),83017
677,No,Yes,Yes,Yes,CA,1983-02-09 00:00:00,DR,Coastal Storm,"COASTAL STORMS, FLOODS, SLIDES & TORNADOES",1983-01-21 00:00:00,1983-03-30 00:00:00,2000-09-25 00:00:00,99073.0,San Diego (County),83017
677,No,Yes,Yes,Yes,CA,1983-02-09 00:00:00,DR,Coastal Storm,"COASTAL STORMS, FLOODS, SLIDES & TORNADOES",1983-01-21 00:00:00,1983-03-30 00:00:00,2000-09-25 00:00:00,99077.0,San Joaquin (County),83017
677,No,Yes,Yes,Yes,CA,1983-02-09 00:00:00,DR,Coastal Storm,"COASTAL STORMS, FLOODS, SLIDES & TORNADOES",1983-01-21 00:00:00,1983-03-30 00:00:00,2000-09-25 00:00:00,99079.0,San Luis Obispo (County),83017
677,No,Yes,Yes,Yes,CA,1983-02-09 00:00:00,DR,Coastal Storm,"COASTAL STORMS, FLOODS, SLIDES & TORNADOES",1983-01-21 00:00:00,1983-03-30 00:00:00,2000-09-25 00:00:00,99081.0,San Mateo (County),83017
677,No,Yes,Yes,Yes,CA,1983-02-09 00:00:00,DR,Coastal Storm,"COASTAL STORMS, FLOODS, SLIDES & TORNADOES",1983-01-21 00:00:00,1983-03-30 00:00:00,2000-09-25 00:00:00,99083.0,Santa Barbara (County),83017
677,No,Yes,Yes,Yes,CA,1983-02-09 00:00:00,DR,Coastal Storm,"COASTAL STORMS, FLOODS, SLIDES & TORNADOES",1983-01-21 00:00:00,1983-03-30 00:00:00,2000-09-25 00:00:00,99085.0,Santa Clara (County),83017
677,No,Yes,Yes,Yes,CA,1983-02-09 00:00:00,DR,Coastal Storm,"COASTAL STORMS, FLOODS, SLIDES & TORNADOES",1983-01-21 00:00:00,1983-03-30 00:00:00,2000-09-25 00:00:00,99087.0,Santa Cruz (County),83017
677,No,Yes,Yes,Yes,CA,1983-02-09 00:00:00,DR,Coastal Storm,"COASTAL STORMS, FLOODS, SLIDES & TORNADOES",1983-01-21 00:00:00,1983-03-30 00:00:00,2000-09-25 00:00:00,99089.0,Shasta (County),83017
677,No,Yes,Yes,Yes,CA,1983-02-09 00:00:00,DR,Coastal Storm,"COASTAL STORMS, FLOODS, SLIDES & TORNADOES",1983-01-21 00:00:00,1983-03-30 00:00:00,2000-09-25 00:00:00,99095.0,Solano (County),83017
677,No,Yes,Yes,Yes,CA,1983-02-09 00:00:00,DR,Coastal Storm,"COASTAL STORMS, FLOODS, SLIDES & TORNADOES",1983-01-21 00:00:00,1983-03-30 00:00:00,2000-09-25 00:00:00,99097.0,Sonoma (County),83017
677,No,Yes,Yes,Yes,CA,1983-02-09 00:00:00,DR,Coastal Storm,"COASTAL STORMS, FLOODS, SLIDES & TORNADOES",1983-01-21 00:00:00,1983-03-30 00:00:00,2000-09-25 00:00:00,99099.0,Stanislaus (County),83017
677,No,Yes,Yes,Yes,CA,1983-02-09 00:00:00,DR,Coastal Storm,"COASTAL STORMS, FLOODS, SLIDES & TORNADOES",1983-01-21 00:00:00,1983-03-30 00:00:00,2000-09-25 00:00:00,99101.0,Sutter (County),83017
677,No,Yes,Yes,Yes,CA,1983-02-09 00:00:00,DR,Coastal Storm,"COASTAL STORMS, FLOODS, SLIDES & TORNADOES",1983-01-21 00:00:00,1983-03-30 00:00:00,2000-09-25 00:00:00,99103.0,Tehama (County),83017
677,No,Yes,Yes,Yes,CA,1983-02-09 00:00:00,DR,Coastal Storm,"COASTAL STORMS, FLOODS, SLIDES & TORNADOES",1983-01-21 00:00:00,1983-03-30 00:00:00,2000-09-25 00:00:00,99105.0,Trinity (County),83017
677,No,Yes,Yes,Yes,CA,1983-02-09 00:00:00,DR,Coastal Storm,"COASTAL STORMS, FLOODS, SLIDES & TORNADOES",1983-01-21 00:00:00,1983-03-30 00:00:00,2000-09-25 00:00:00,99111.0,Ventura (County),83017
677,No,Yes,Yes,Yes,CA,1983-02-09 00:00:00,DR,Coastal Storm,"COASTAL STORMS, FLOODS, SLIDES & TORNADOES",1983-01-21 00:00:00,1983-03-30 00:00:00,2000-09-25 00:00:00,99113.0,Yolo (County),83017
677,No,Yes,Yes,Yes,CA,1983-02-09 00:00:00,DR,Coastal Storm,"COASTAL STORMS, FLOODS, SLIDES & TORNADOES",1983-01-21 00:00:00,1983-03-30 00:00:00,2000-09-25 00:00:00,99115.0,Yuba (County),83017
3078,No,No,Yes,Yes,CA,1980-02-01 00:00:00,EM,Coastal Storm,"TORRENTIAL RAIN, HIGH TIDE & WINDS",1980-02-01 00:00:00,1980-02-01 00:00:00,1986-03-27 00:00:00,99013.0,Contra Costa (County),80012
3078,No,No,Yes,Yes,CA,1980-02-01 00:00:00,EM,Coastal Storm,"TORRENTIAL RAIN, HIGH TIDE & WINDS",1980-02-01 00:00:00,1980-02-01 00:00:00,1986-03-27 00:00:00,99067.0,Sacramento (County),80012
3078,No,No,Yes,Yes,CA,1980-02-01 00:00:00,EM,Coastal Storm,"TORRENTIAL RAIN, HIGH TIDE & WINDS",1980-02-01 00:00:00,1980-02-01 00:00:00,1986-03-27 00:00:00,99077.0,San Joaquin (County),80012
3005,No,No,Yes,Yes,NJ,1974-12-24 00:00:00,EM,Coastal Storm,"SEVERE STORMS, HIGH WINDS & HIGH TIDES",1974-12-24 00:00:00,1974-12-24 00:00:00,1976-01-19 00:00:00,99009.0,Cape May (County),75047
337,No,Yes,Yes,Yes,FL,1972-06-23 00:00:00,DR,Coastal Storm,TROPICAL STORM AGNES,1972-06-23 00:00:00,1972-06-23 00:00:00,1976-07-28 00:00:00,99009.0,Brevard (County),72033
337,No,Yes,Yes,Yes,FL,1972-06-23 00:00:00,DR,Coastal Storm,TROPICAL STORM AGNES,1972-06-23 00:00:00,1972-06-23 00:00:00,1976-07-28 00:00:00,99029.0,Dixie (County),72033
337,No,Yes,Yes,Yes,FL,1972-06-23 00:00:00,DR,Coastal Storm,TROPICAL STORM AGNES,1972-06-23 00:00:00,1972-06-23 00:00:00,1976-07-28 00:00:00,99037.0,Franklin (County),72033
337,No,Yes,Yes,Yes,FL,1972-06-23 00:00:00,DR,Coastal Storm,TROPICAL STORM AGNES,1972-06-23 00:00:00,1972-06-23 00:00:00,1976-07-28 00:00:00,99051.0,Hendry (County),72033
337,No,Yes,Yes,Yes,FL,1972-06-23 00:00:00,DR,Coastal Storm,TROPICAL STORM AGNES,1972-06-23 00:00:00,1972-06-23 00:00:00,1976-07-28 00:00:00,99057.0,Hillsborough (County),72033
337,No,Yes,Yes,Yes,FL,1972-06-23 00:00:00,DR,Coastal Storm,TROPICAL STORM AGNES,1972-06-23 00:00:00,1972-06-23 00:00:00,1976-07-28 00:00:00,99071.0,Lee (County),72033
337,No,Yes,Yes,Yes,FL,1972-06-23 00:00:00,DR,Coastal Storm,TROPICAL STORM AGNES,1972-06-23 00:00:00,1972-06-23 00:00:00,1976-07-28 00:00:00,99075.0,Levy (County),72033
337,No,Yes,Yes,Yes,FL,1972-06-23 00:00:00,DR,Coastal Storm,TROPICAL STORM AGNES,1972-06-23 00:00:00,1972-06-23 00:00:00,1976-07-28 00:00:00,99081.0,Manatee (County),72033
337,No,Yes,Yes,Yes,FL,1972-06-23 00:00:00,DR,Coastal Storm,TROPICAL STORM AGNES,1972-06-23 00:00:00,1972-06-23 00:00:00,1976-07-28 00:00:00,99087.0,Monroe (County),72033
337,No,Yes,Yes,Yes,FL,1972-06-23 00:00:00,DR,Coastal Storm,TROPICAL STORM AGNES,1972-06-23 00:00:00,1972-06-23 00:00:00,1976-07-28 00:00:00,99093.0,Okeechobee (County),72033
337,No,Yes,Yes,Yes,FL,1972-06-23 00:00:00,DR,Coastal Storm,TROPICAL STORM AGNES,1972-06-23 00:00:00,1972-06-23 00:00:00,1976-07-28 00:00:00,99101.0,Pasco (County),72033
337,No,Yes,Yes,Yes,FL,1972-06-23 00:00:00,DR,Coastal Storm,TROPICAL STORM AGNES,1972-06-23 00:00:00,1972-06-23 00:00:00,1976-07-28 00:00:00,99103.0,Pinellas (County),72033
337,No,Yes,Yes,Yes,FL,1972-06-23 00:00:00,DR,Coastal Storm,TROPICAL STORM AGNES,1972-06-23 00:00:00,1972-06-23 00:00:00,1976-07-28 00:00:00,99115.0,Sarasota (County),72033
337,No,Yes,Yes,Yes,FL,1972-06-23 00:00:00,DR,Coastal Storm,TROPICAL STORM AGNES,1972-06-23 00:00:00,1972-06-23 00:00:00,1976-07-28 00:00:00,99129.0,Wakulla (County),72033
327,No,Yes,Yes,Yes,NH,1972-03-18 00:00:00,DR,Coastal Storm,COASTAL STORMS,1972-03-18 00:00:00,1972-03-18 00:00:00,1976-07-08 00:00:00,99015.0,"Rockingham (County)(in (P)MSA 4160,4760,6450)",72014
